question,doc_id,unit_id,publish_date,effective_date,answer,id,domain,created_at,doc_type,source,region,role,status
新疆小额贷款公司监管新规依据哪个国家文件？,地方金融组织_新疆维吾尔自治区地方金融管理局,第一条,,,(请以此件为准) 新疆维吾尔自治区地方金融管理局 新疆生产建设兵团地方金融管理局 文件 新金规[2025]2号 关于印发《新疆维吾尔自治区新疆生产建设兵团 小额贷款公司监督管理实施细则》的通知 各地、州、市地方金融管理机构，兵团各师市地方金融管理机构： 为贯彻落实国家金融监督管理总局《小额贷款公司监督管理 暂行办法》（金规[2024]26号）要求，加强对小额贷款公司的 监督管理，防范化解风险，促进行业稳健经营、规范发展，结合 -1-,policy_地方金融组织_新疆维吾尔自治区地方金融管理局_1_0,policy,2025-12-31T15:17:02.642772,监管政策,地方金融组织_新疆维吾尔自治区地方金融管理局.md,全国,客户经理,生效
新疆小额贷款公司监管细则适用哪些机构？,地方金融组织_新疆维吾尔自治区地方金融管理局,第二条,,,(请以此件为准) 新疆维吾尔自治区地方金融管理局 新疆生产建设兵团地方金融管理局 文件 新金规[2025]2号 关于印发《新疆维吾尔自治区新疆生产建设兵团 小额贷款公司监督管理实施细则》的通知 各地、州、市地方金融管理机构，兵团各师市地方金融管理机构： 为贯彻落实国家金融监督管理总局《小额贷款公司监督管理 暂行办法》（金规[2024]26号）要求，加强对小额贷款公司的 监督管理，防范化解风险，促进行业稳健经营、规范发展，结合 -1-,policy_地方金融组织_新疆维吾尔自治区地方金融管理局_1_1,policy,2025-12-31T15:17:02.642772,监管政策,地方金融组织_新疆维吾尔自治区地方金融管理局.md,全国,客户经理,生效
新疆小贷公司设立审批由哪级部门负责？,地方金融组织_新疆维吾尔自治区地方金融管理局,第三条,,,(请以此件为准) 新疆维吾尔自治区地方金融管理局 新疆生产建设兵团地方金融管理局 文件 新金规[2025]2号 关于印发《新疆维吾尔自治区新疆生产建设兵团 小额贷款公司监督管理实施细则》的通知 各地、州、市地方金融管理机构，兵团各师市地方金融管理机构： 为贯彻落实国家金融监督管理总局《小额贷款公司监督管理 暂行办法》（金规[2024]26号）要求，加强对小额贷款公司的 监督管理，防范化解风险，促进行业稳健经营、规范发展，结合 -1-,policy_地方金融组织_新疆维吾尔自治区地方金融管理局_1_2,policy,2025-12-31T15:17:02.642772,监管政策,地方金融组织_新疆维吾尔自治区地方金融管理局.md,全国,客户经理,生效
新疆小贷公司变更名称要不要省级核准？,地方金融组织_新疆维吾尔自治区地方金融管理局,第四条_1,,,(请以此件为准) 新疆维吾尔自治区地方金融管理局 新疆生产建设兵团地方金融管理局 文件 新金规[2025]2号 关于印发《新疆维吾尔自治区新疆生产建设兵团 小额贷款公司监督管理实施细则》的通知 各地、州、市地方金融管理机构，兵团各师市地方金融管理机构： 为贯彻落实国家金融监督管理总局《小额贷款公司监督管理 暂行办法》（金规[2024]26号）要求，加强对小额贷款公司的 监督管理，防范化解风险，促进行业稳健经营、规范发展，结合 -1-,policy_地方金融组织_新疆维吾尔自治区地方金融管理局_1_3,policy,2025-12-31T15:17:02.642772,监管政策,地方金融组织_新疆维吾尔自治区地方金融管理局.md,全国,客户经理,生效
新疆小贷公司终止经营需要履行什么程序？,地方金融组织_新疆维吾尔自治区地方金融管理局,第五条,,,(请以此件为准) 新疆维吾尔自治区地方金融管理局 新疆生产建设兵团地方金融管理局 文件 新金规[2025]2号 关于印发《新疆维吾尔自治区新疆生产建设兵团 小额贷款公司监督管理实施细则》的通知 各地、州、市地方金融管理机构，兵团各师市地方金融管理机构： 为贯彻落实国家金融监督管理总局《小额贷款公司监督管理 暂行办法》（金规[2024]26号）要求，加强对小额贷款公司的 监督管理，防范化解风险，促进行业稳健经营、规范发展，结合 -1-,policy_地方金融组织_新疆维吾尔自治区地方金融管理局_1_4,policy,2025-12-31T15:17:02.642772,监管政策,地方金融组织_新疆维吾尔自治区地方金融管理局.md,全国,客户经理,生效
新疆小贷公司业务范围包括哪些具体项目？,地方金融组织_新疆维吾尔自治区地方金融管理局,第六条,,,(请以此件为准) 新疆维吾尔自治区地方金融管理局 新疆生产建设兵团地方金融管理局 文件 新金规[2025]2号 关于印发《新疆维吾尔自治区新疆生产建设兵团 小额贷款公司监督管理实施细则》的通知 各地、州、市地方金融管理机构，兵团各师市地方金融管理机构： 为贯彻落实国家金融监督管理总局《小额贷款公司监督管理 暂行办法》（金规[2024]26号）要求，加强对小额贷款公司的 监督管理，防范化解风险，促进行业稳健经营、规范发展，结合 -1-,policy_地方金融组织_新疆维吾尔自治区地方金融管理局_1_5,policy,2025-12-31T15:17:02.642772,监管政策,地方金融组织_新疆维吾尔自治区地方金融管理局.md,全国,客户经理,生效
新疆小贷公司能不能跨省放贷？有什么限制？,地方金融组织_新疆维吾尔自治区地方金融管理局,第七条,,,(请以此件为准) 新疆维吾尔自治区地方金融管理局 新疆生产建设兵团地方金融管理局 文件 新金规[2025]2号 关于印发《新疆维吾尔自治区新疆生产建设兵团 小额贷款公司监督管理实施细则》的通知 各地、州、市地方金融管理机构，兵团各师市地方金融管理机构： 为贯彻落实国家金融监督管理总局《小额贷款公司监督管理 暂行办法》（金规[2024]26号）要求，加强对小额贷款公司的 监督管理，防范化解风险，促进行业稳健经营、规范发展，结合 -1-,policy_地方金融组织_新疆维吾尔自治区地方金融管理局_1_6,policy,2025-12-31T15:17:02.642772,监管政策,地方金融组织_新疆维吾尔自治区地方金融管理局.md,全国,客户经理,生效
新疆小贷公司单户贷款余额上限怎么规定？,地方金融组织_新疆维吾尔自治区地方金融管理局,第八条,,,(请以此件为准) 新疆维吾尔自治区地方金融管理局 新疆生产建设兵团地方金融管理局 文件 新金规[2025]2号 关于印发《新疆维吾尔自治区新疆生产建设兵团 小额贷款公司监督管理实施细则》的通知 各地、州、市地方金融管理机构，兵团各师市地方金融管理机构： 为贯彻落实国家金融监督管理总局《小额贷款公司监督管理 暂行办法》（金规[2024]26号）要求，加强对小额贷款公司的 监督管理，防范化解风险，促进行业稳健经营、规范发展，结合 -1-,policy_地方金融组织_新疆维吾尔自治区地方金融管理局_1_7,policy,2025-12-31T15:17:02.642772,监管政策,地方金融组织_新疆维吾尔自治区地方金融管理局.md,全国,客户经理,生效
新疆小贷公司关联交易要怎么管理和披露？,地方金融组织_新疆维吾尔自治区地方金融管理局,第九条,,,(请以此件为准) 新疆维吾尔自治区地方金融管理局 新疆生产建设兵团地方金融管理局 文件 新金规[2025]2号 关于印发《新疆维吾尔自治区新疆生产建设兵团 小额贷款公司监督管理实施细则》的通知 各地、州、市地方金融管理机构，兵团各师市地方金融管理机构： 为贯彻落实国家金融监督管理总局《小额贷款公司监督管理 暂行办法》（金规[2024]26号）要求，加强对小额贷款公司的 监督管理，防范化解风险，促进行业稳健经营、规范发展，结合 -1-,policy_地方金融组织_新疆维吾尔自治区地方金融管理局_1_8,policy,2025-12-31T15:17:02.642772,监管政策,地方金融组织_新疆维吾尔自治区地方金融管理局.md,全国,客户经理,生效
新疆小贷公司融资杠杆比例最高是多少？,地方金融组织_新疆维吾尔自治区地方金融管理局,第十条,,,(请以此件为准) 新疆维吾尔自治区地方金融管理局 新疆生产建设兵团地方金融管理局 文件 新金规[2025]2号 关于印发《新疆维吾尔自治区新疆生产建设兵团 小额贷款公司监督管理实施细则》的通知 各地、州、市地方金融管理机构，兵团各师市地方金融管理机构： 为贯彻落实国家金融监督管理总局《小额贷款公司监督管理 暂行办法》（金规[2024]26号）要求，加强对小额贷款公司的 监督管理，防范化解风险，促进行业稳健经营、规范发展，结合 -1-,policy_地方金融组织_新疆维吾尔自治区地方金融管理局_1_9,policy,2025-12-31T15:17:02.642772,监管政策,地方金融组织_新疆维吾尔自治区地方金融管理局.md,全国,客户经理,生效
新疆和兵团小贷公司监管细则是哪个部门联合发布的？,地方金融组织_新疆维吾尔自治区地方金融管理局,第一条,2025-07-28,,实际，自治区地方金融管理局和兵团地方金融管理局联合制定了 《新疆维吾尔自治区新疆生产建设兵团小额贷款公司监督管理 实施细则》，现印发给你们，请认真遵照执行。 新疆生 新疆维吾尔自治区 新疆生产建设兵团 地方金融管理局 地方金融管理局 2025年7月28日 2025年7月28日 抄报：国家金融监督管理总局 抄送：自治区市场监督管理局、自治区公安厅，兵团市场监督管 理局、兵团公安局，人民银行新疆分行、国家金融监督管理总局 新疆监管局，自治区小额贷款公司及融资担保公司行业协会、兵 团地方金融组织协会 -2-,policy_地方金融组织_新疆维吾尔自治区地方金融管理局_2_0,policy,2025-12-31T15:17:12.200288,监管政策,地方金融组织_新疆维吾尔自治区地方金融管理局.md,全国,客户经理,生效
新疆和兵团小贷公司监管新规从什么时候开始执行？,地方金融组织_新疆维吾尔自治区地方金融管理局,第二条,2025-07-28,,实际，自治区地方金融管理局和兵团地方金融管理局联合制定了 《新疆维吾尔自治区新疆生产建设兵团小额贷款公司监督管理 实施细则》，现印发给你们，请认真遵照执行。 新疆生 新疆维吾尔自治区 新疆生产建设兵团 地方金融管理局 地方金融管理局 2025年7月28日 2025年7月28日 抄报：国家金融监督管理总局 抄送：自治区市场监督管理局、自治区公安厅，兵团市场监督管 理局、兵团公安局，人民银行新疆分行、国家金融监督管理总局 新疆监管局，自治区小额贷款公司及融资担保公司行业协会、兵 团地方金融组织协会 -2-,policy_地方金融组织_新疆维吾尔自治区地方金融管理局_2_1,policy,2025-12-31T15:17:12.200288,监管政策,地方金融组织_新疆维吾尔自治区地方金融管理局.md,全国,客户经理,生效
新疆这边的小贷公司现在归谁监管？,地方金融组织_新疆维吾尔自治区地方金融管理局,第三条,2025-07-28,,实际，自治区地方金融管理局和兵团地方金融管理局联合制定了 《新疆维吾尔自治区新疆生产建设兵团小额贷款公司监督管理 实施细则》，现印发给你们，请认真遵照执行。 新疆生 新疆维吾尔自治区 新疆生产建设兵团 地方金融管理局 地方金融管理局 2025年7月28日 2025年7月28日 抄报：国家金融监督管理总局 抄送：自治区市场监督管理局、自治区公安厅，兵团市场监督管 理局、兵团公安局，人民银行新疆分行、国家金融监督管理总局 新疆监管局，自治区小额贷款公司及融资担保公司行业协会、兵 团地方金融组织协会 -2-,policy_地方金融组织_新疆维吾尔自治区地方金融管理局_2_2,policy,2025-12-31T15:17:12.200288,监管政策,地方金融组织_新疆维吾尔自治区地方金融管理局.md,全国,客户经理,生效
兵团辖区的小贷公司监管是否适用新疆新出的监管细则？,地方金融组织_新疆维吾尔自治区地方金融管理局,第四条,2025-07-28,,实际，自治区地方金融管理局和兵团地方金融管理局联合制定了 《新疆维吾尔自治区新疆生产建设兵团小额贷款公司监督管理 实施细则》，现印发给你们，请认真遵照执行。 新疆生 新疆维吾尔自治区 新疆生产建设兵团 地方金融管理局 地方金融管理局 2025年7月28日 2025年7月28日 抄报：国家金融监督管理总局 抄送：自治区市场监督管理局、自治区公安厅，兵团市场监督管 理局、兵团公安局，人民银行新疆分行、国家金融监督管理总局 新疆监管局，自治区小额贷款公司及融资担保公司行业协会、兵 团地方金融组织协会 -2-,policy_地方金融组织_新疆维吾尔自治区地方金融管理局_2_3,policy,2025-12-31T15:17:12.200288,监管政策,地方金融组织_新疆维吾尔自治区地方金融管理局.md,全国,客户经理,生效
新疆小贷公司监管细则抄报给了哪些国家监管部门？,地方金融组织_新疆维吾尔自治区地方金融管理局,第五条,2025-07-28,,实际，自治区地方金融管理局和兵团地方金融管理局联合制定了 《新疆维吾尔自治区新疆生产建设兵团小额贷款公司监督管理 实施细则》，现印发给你们，请认真遵照执行。 新疆生 新疆维吾尔自治区 新疆生产建设兵团 地方金融管理局 地方金融管理局 2025年7月28日 2025年7月28日 抄报：国家金融监督管理总局 抄送：自治区市场监督管理局、自治区公安厅，兵团市场监督管 理局、兵团公安局，人民银行新疆分行、国家金融监督管理总局 新疆监管局，自治区小额贷款公司及融资担保公司行业协会、兵 团地方金融组织协会 -2-,policy_地方金融组织_新疆维吾尔自治区地方金融管理局_2_4,policy,2025-12-31T15:17:12.200288,监管政策,地方金融组织_新疆维吾尔自治区地方金融管理局.md,全国,客户经理,生效
新疆小贷公司监管文件抄送了哪些地方单位？,地方金融组织_新疆维吾尔自治区地方金融管理局,第六条,2025-07-28,,实际，自治区地方金融管理局和兵团地方金融管理局联合制定了 《新疆维吾尔自治区新疆生产建设兵团小额贷款公司监督管理 实施细则》，现印发给你们，请认真遵照执行。 新疆生 新疆维吾尔自治区 新疆生产建设兵团 地方金融管理局 地方金融管理局 2025年7月28日 2025年7月28日 抄报：国家金融监督管理总局 抄送：自治区市场监督管理局、自治区公安厅，兵团市场监督管 理局、兵团公安局，人民银行新疆分行、国家金融监督管理总局 新疆监管局，自治区小额贷款公司及融资担保公司行业协会、兵 团地方金融组织协会 -2-,policy_地方金融组织_新疆维吾尔自治区地方金融管理局_2_5,policy,2025-12-31T15:17:12.200288,监管政策,地方金融组织_新疆维吾尔自治区地方金融管理局.md,全国,客户经理,生效
新疆小额贷款公司监管依据哪些法规？,地方金融组织_新疆维吾尔自治区地方金融管理局,第一条,,,新疆维吾尔自治区新疆生产建设兵团 小额贷款公司监督管理实施细则 第一章总则 第一条为加强对小额贷款公司的监督管理，规范小额贷款 公司经营行为，防范化解小额贷款公司风险，促进小额贷款公司 稳健经营、健康发展，根据国家金融监督管理总局《小额贷款公 司监督管理暂行办法》（金规〔2024]26号）和相关行政法规和 文件精神，结合实际，制定本实施细则。,policy_地方金融组织_新疆维吾尔自治区地方金融管理局_3_0,policy,2025-12-31T15:17:14.319824,监管政策,地方金融组织_新疆维吾尔自治区地方金融管理局.md,全国,客户经理,生效
新疆这边的小额贷款公司是哪些部门批的？,地方金融组织_新疆维吾尔自治区地方金融管理局,第二条,,,第二条本实施细则所称小额贷款公司，是指经新疆维吾尔 自治区地方金融管理局或新疆生产建设兵团地方金融管理局依 据管理权限依法批准设立的，不吸收公众存款，主要经营小额贷 款业务的地方金融组织。,policy_地方金融组织_新疆维吾尔自治区地方金融管理局_4_0,policy,2025-12-31T15:17:21.021375,监管政策,地方金融组织_新疆维吾尔自治区地方金融管理局.md,全国,客户经理,生效
新疆小额贷款公司能不能吸收公众存款？,地方金融组织_新疆维吾尔自治区地方金融管理局,第二条,,,第二条本实施细则所称小额贷款公司，是指经新疆维吾尔 自治区地方金融管理局或新疆生产建设兵团地方金融管理局依 据管理权限依法批准设立的，不吸收公众存款，主要经营小额贷 款业务的地方金融组织。,policy_地方金融组织_新疆维吾尔自治区地方金融管理局_4_1,policy,2025-12-31T15:17:21.021375,监管政策,地方金融组织_新疆维吾尔自治区地方金融管理局.md,全国,客户经理,生效
新疆的小贷公司主要能做哪些业务？,地方金融组织_新疆维吾尔自治区地方金融管理局,第二条,,,第二条本实施细则所称小额贷款公司，是指经新疆维吾尔 自治区地方金融管理局或新疆生产建设兵团地方金融管理局依 据管理权限依法批准设立的，不吸收公众存款，主要经营小额贷 款业务的地方金融组织。,policy_地方金融组织_新疆维吾尔自治区地方金融管理局_4_2,policy,2025-12-31T15:17:21.021375,监管政策,地方金融组织_新疆维吾尔自治区地方金融管理局.md,全国,客户经理,生效
兵团的小额贷款公司归哪个部门管？,地方金融组织_新疆维吾尔自治区地方金融管理局,第二条,,,第二条本实施细则所称小额贷款公司，是指经新疆维吾尔 自治区地方金融管理局或新疆生产建设兵团地方金融管理局依 据管理权限依法批准设立的，不吸收公众存款，主要经营小额贷 款业务的地方金融组织。,policy_地方金融组织_新疆维吾尔自治区地方金融管理局_4_3,policy,2025-12-31T15:17:21.021375,监管政策,地方金融组织_新疆维吾尔自治区地方金融管理局.md,全国,客户经理,生效
新疆设立小贷公司需要哪个机构批准？,地方金融组织_新疆维吾尔自治区地方金融管理局,第二条,,,第二条本实施细则所称小额贷款公司，是指经新疆维吾尔 自治区地方金融管理局或新疆生产建设兵团地方金融管理局依 据管理权限依法批准设立的，不吸收公众存款，主要经营小额贷 款业务的地方金融组织。,policy_地方金融组织_新疆维吾尔自治区地方金融管理局_4_4,policy,2025-12-31T15:17:21.021375,监管政策,地方金融组织_新疆维吾尔自治区地方金融管理局.md,全国,客户经理,生效
新疆和兵团的小贷公司都归这个办法管吗？,地方金融组织_新疆维吾尔自治区地方金融管理局,第三条,2023-10-01,2023-10-01,第三条本实施细则适用于新疆维吾尔自治区、新疆生产建 设兵团辖区内依法设立的小额贷款公司及其分支机构。 第二章设立、变更、终止 第四条小额贷款公司的名称由行政区划、字号、行业、组 织形式依次组成，其中行政区划指县级及以上行政区划的名称或 地名，组织形式为有限责任公司或股份有限公司。未经地方金融 管理机构批准，任何单位和个人不得设立小额贷款公司、从事或 变相经营小额贷款业务，不得在公司名称和经营范围中使用“小 额贷款”“小贷”或类似字样。,policy_地方金融组织_新疆维吾尔自治区地方金融管理局_5_0,policy,2025-12-31T15:17:27.375421,监管政策,地方金融组织_新疆维吾尔自治区地方金融管理局.md,全国,客户经理,生效
小贷公司名称必须包含哪些要素？,地方金融组织_新疆维吾尔自治区地方金融管理局,第四条,2023-10-01,2023-10-01,第三条本实施细则适用于新疆维吾尔自治区、新疆生产建 设兵团辖区内依法设立的小额贷款公司及其分支机构。 第二章设立、变更、终止 第四条小额贷款公司的名称由行政区划、字号、行业、组 织形式依次组成，其中行政区划指县级及以上行政区划的名称或 地名，组织形式为有限责任公司或股份有限公司。未经地方金融 管理机构批准，任何单位和个人不得设立小额贷款公司、从事或 变相经营小额贷款业务，不得在公司名称和经营范围中使用“小 额贷款”“小贷”或类似字样。,policy_地方金融组织_新疆维吾尔自治区地方金融管理局_5_1,policy,2025-12-31T15:17:27.375421,监管政策,地方金融组织_新疆维吾尔自治区地方金融管理局.md,全国,客户经理,生效
设立小贷公司需要经过金融局批准吗？,地方金融组织_新疆维吾尔自治区地方金融管理局,第四条,2023-10-01,2023-10-01,第三条本实施细则适用于新疆维吾尔自治区、新疆生产建 设兵团辖区内依法设立的小额贷款公司及其分支机构。 第二章设立、变更、终止 第四条小额贷款公司的名称由行政区划、字号、行业、组 织形式依次组成，其中行政区划指县级及以上行政区划的名称或 地名，组织形式为有限责任公司或股份有限公司。未经地方金融 管理机构批准，任何单位和个人不得设立小额贷款公司、从事或 变相经营小额贷款业务，不得在公司名称和经营范围中使用“小 额贷款”“小贷”或类似字样。,policy_地方金融组织_新疆维吾尔自治区地方金融管理局_5_2,policy,2025-12-31T15:17:27.375421,监管政策,地方金融组织_新疆维吾尔自治区地方金融管理局.md,全国,客户经理,生效
公司没批能用‘小贷’字样吗？,地方金融组织_新疆维吾尔自治区地方金融管理局,第四条,2023-10-01,2023-10-01,第三条本实施细则适用于新疆维吾尔自治区、新疆生产建 设兵团辖区内依法设立的小额贷款公司及其分支机构。 第二章设立、变更、终止 第四条小额贷款公司的名称由行政区划、字号、行业、组 织形式依次组成，其中行政区划指县级及以上行政区划的名称或 地名，组织形式为有限责任公司或股份有限公司。未经地方金融 管理机构批准，任何单位和个人不得设立小额贷款公司、从事或 变相经营小额贷款业务，不得在公司名称和经营范围中使用“小 额贷款”“小贷”或类似字样。,policy_地方金融组织_新疆维吾尔自治区地方金融管理局_5_3,policy,2025-12-31T15:17:27.375421,监管政策,地方金融组织_新疆维吾尔自治区地方金融管理局.md,全国,客户经理,生效
设立小额贷款公司需要符合哪些基本条件？,地方金融组织_新疆维吾尔自治区地方金融管理局,第五条,,,第五条设立小额贷款公司应符合《中华人民共和国公司法》 的规定，并具备下列条件： -3-,policy_地方金融组织_新疆维吾尔自治区地方金融管理局_6_0,policy,2025-12-31T15:17:29.209453,监管政策,地方金融组织_新疆维吾尔自治区地方金融管理局.md,全国,客户经理,生效
设立小额贷款公司需要哪些出资人条件？,地方金融组织_新疆维吾尔自治区地方金融管理局,第一条,2023-06-15,2023-07-01,（一）有符合规定条件的出资人，企业法人、自然人可依法 设立小额贷款公司。,policy_地方金融组织_新疆维吾尔自治区地方金融管理局_7_0,policy,2025-12-31T15:17:31.428350,监管政策,地方金融组织_新疆维吾尔自治区地方金融管理局.md,全国,客户经理,生效
小额贷款公司主发起人最低持股比例是多少？,地方金融组织_新疆维吾尔自治区地方金融管理局,第一条_1,2023-05-15,2023-06-01,1.小额贷款公司主发起人持股比例原则上不超过注册资本 总额的40%，不得低于注册资本总额的15%；主发起人及其关 联方合计持股比例不得超过注册资本总额的60%；其余单个自 然人、企业法人、其他经济组织及其关联方持股比例不得超过注 册资本总额的15%。单个出资人出资额不得低于100万元。,policy_地方金融组织_新疆维吾尔自治区地方金融管理局_8_0,policy,2025-12-31T15:17:40.873958,监管政策,地方金融组织_新疆维吾尔自治区地方金融管理局.md,全国,客户经理,生效
小额贷款公司主发起人最高持股比例能到多少？,地方金融组织_新疆维吾尔自治区地方金融管理局,第一条_2,2023-05-15,2023-06-01,1.小额贷款公司主发起人持股比例原则上不超过注册资本 总额的40%，不得低于注册资本总额的15%；主发起人及其关 联方合计持股比例不得超过注册资本总额的60%；其余单个自 然人、企业法人、其他经济组织及其关联方持股比例不得超过注 册资本总额的15%。单个出资人出资额不得低于100万元。,policy_地方金融组织_新疆维吾尔自治区地方金融管理局_8_1,policy,2025-12-31T15:17:40.873958,监管政策,地方金融组织_新疆维吾尔自治区地方金融管理局.md,全国,客户经理,生效
主发起人及其关联方合计持股上限是多少？,地方金融组织_新疆维吾尔自治区地方金融管理局,第一条_3,2023-05-15,2023-06-01,1.小额贷款公司主发起人持股比例原则上不超过注册资本 总额的40%，不得低于注册资本总额的15%；主发起人及其关 联方合计持股比例不得超过注册资本总额的60%；其余单个自 然人、企业法人、其他经济组织及其关联方持股比例不得超过注 册资本总额的15%。单个出资人出资额不得低于100万元。,policy_地方金融组织_新疆维吾尔自治区地方金融管理局_8_2,policy,2025-12-31T15:17:40.873958,监管政策,地方金融组织_新疆维吾尔自治区地方金融管理局.md,全国,客户经理,生效
单个自然人或企业投资小贷公司最多能占多少股？,地方金融组织_新疆维吾尔自治区地方金融管理局,第一条_4,2023-05-15,2023-06-01,1.小额贷款公司主发起人持股比例原则上不超过注册资本 总额的40%，不得低于注册资本总额的15%；主发起人及其关 联方合计持股比例不得超过注册资本总额的60%；其余单个自 然人、企业法人、其他经济组织及其关联方持股比例不得超过注 册资本总额的15%。单个出资人出资额不得低于100万元。,policy_地方金融组织_新疆维吾尔自治区地方金融管理局_8_3,policy,2025-12-31T15:17:40.873958,监管政策,地方金融组织_新疆维吾尔自治区地方金融管理局.md,全国,客户经理,生效
设立小贷公司单个出资人最少要出多少钱？,地方金融组织_新疆维吾尔自治区地方金融管理局,第一条_5,2023-05-15,2023-06-01,1.小额贷款公司主发起人持股比例原则上不超过注册资本 总额的40%，不得低于注册资本总额的15%；主发起人及其关 联方合计持股比例不得超过注册资本总额的60%；其余单个自 然人、企业法人、其他经济组织及其关联方持股比例不得超过注 册资本总额的15%。单个出资人出资额不得低于100万元。,policy_地方金融组织_新疆维吾尔自治区地方金融管理局_8_4,policy,2025-12-31T15:17:40.873958,监管政策,地方金融组织_新疆维吾尔自治区地方金融管理局.md,全国,客户经理,生效
法人股东成立时间要求几年以上？,地方金融组织_新疆维吾尔自治区地方金融管理局,第2条_1,2023-08-15,2023-09-01,2.法人股东须成立三年以上且管理规范、信用优良、实力雄 厚、有社会责任感；最近连续两个会计年度盈利，净资产为出资 额两倍以上，资产负债率低于60%。,policy_地方金融组织_新疆维吾尔自治区地方金融管理局_9_0,policy,2025-12-31T15:17:48.216904,监管政策,地方金融组织_新疆维吾尔自治区地方金融管理局.md,全国,客户经理,生效
法人股东最近几年要连续盈利？,地方金融组织_新疆维吾尔自治区地方金融管理局,第2条_2,2023-08-15,2023-09-01,2.法人股东须成立三年以上且管理规范、信用优良、实力雄 厚、有社会责任感；最近连续两个会计年度盈利，净资产为出资 额两倍以上，资产负债率低于60%。,policy_地方金融组织_新疆维吾尔自治区地方金融管理局_9_1,policy,2025-12-31T15:17:48.216904,监管政策,地方金融组织_新疆维吾尔自治区地方金融管理局.md,全国,客户经理,生效
法人股东净资产需达到出资额几倍？,地方金融组织_新疆维吾尔自治区地方金融管理局,第2条_3,2023-08-15,2023-09-01,2.法人股东须成立三年以上且管理规范、信用优良、实力雄 厚、有社会责任感；最近连续两个会计年度盈利，净资产为出资 额两倍以上，资产负债率低于60%。,policy_地方金融组织_新疆维吾尔自治区地方金融管理局_9_2,policy,2025-12-31T15:17:48.216904,监管政策,地方金融组织_新疆维吾尔自治区地方金融管理局.md,全国,客户经理,生效
法人股东资产负债率不能超过多少？,地方金融组织_新疆维吾尔自治区地方金融管理局,第2条_4,2023-08-15,2023-09-01,2.法人股东须成立三年以上且管理规范、信用优良、实力雄 厚、有社会责任感；最近连续两个会计年度盈利，净资产为出资 额两倍以上，资产负债率低于60%。,policy_地方金融组织_新疆维吾尔自治区地方金融管理局_9_3,policy,2025-12-31T15:17:48.216904,监管政策,地方金融组织_新疆维吾尔自治区地方金融管理局.md,全国,客户经理,生效
自然人股东出资需要哪些流动性资产证明？,地方金融组织_新疆维吾尔自治区地方金融管理局,第3条,2023-06-15,2023-07-01,3.自然人股东应当具有完全民事行为能力；信用良好，无贪 污、贿赂、侵占财产、挪用财产等犯罪记录；具备相应出资能力， 时段性资产如银行活期账户、定期存单、国债、股票等流动性较 强的资产近3个月日均余额合计至少达到出资额的60%以上。,policy_地方金融组织_新疆维吾尔自治区地方金融管理局_10_0,policy,2025-12-31T15:17:56.245448,监管政策,地方金融组织_新疆维吾尔自治区地方金融管理局.md,全国,客户经理,生效
自然人股东近3个月日均资产要达到出资额多少比例？,地方金融组织_新疆维吾尔自治区地方金融管理局,第3条,2023-06-15,2023-07-01,3.自然人股东应当具有完全民事行为能力；信用良好，无贪 污、贿赂、侵占财产、挪用财产等犯罪记录；具备相应出资能力， 时段性资产如银行活期账户、定期存单、国债、股票等流动性较 强的资产近3个月日均余额合计至少达到出资额的60%以上。,policy_地方金融组织_新疆维吾尔自治区地方金融管理局_10_1,policy,2025-12-31T15:17:56.245448,监管政策,地方金融组织_新疆维吾尔自治区地方金融管理局.md,全国,客户经理,生效
哪些犯罪记录会导致自然人不能当担保公司股东？,地方金融组织_新疆维吾尔自治区地方金融管理局,第3条,2023-06-15,2023-07-01,3.自然人股东应当具有完全民事行为能力；信用良好，无贪 污、贿赂、侵占财产、挪用财产等犯罪记录；具备相应出资能力， 时段性资产如银行活期账户、定期存单、国债、股票等流动性较 强的资产近3个月日均余额合计至少达到出资额的60%以上。,policy_地方金融组织_新疆维吾尔自治区地方金融管理局_10_2,policy,2025-12-31T15:17:56.245448,监管政策,地方金融组织_新疆维吾尔自治区地方金融管理局.md,全国,客户经理,生效
自然人股东必须具备完全民事行为能力吗？,地方金融组织_新疆维吾尔自治区地方金融管理局,第3条,2023-06-15,2023-07-01,3.自然人股东应当具有完全民事行为能力；信用良好，无贪 污、贿赂、侵占财产、挪用财产等犯罪记录；具备相应出资能力， 时段性资产如银行活期账户、定期存单、国债、股票等流动性较 强的资产近3个月日均余额合计至少达到出资额的60%以上。,policy_地方金融组织_新疆维吾尔自治区地方金融管理局_10_3,policy,2025-12-31T15:17:56.245448,监管政策,地方金融组织_新疆维吾尔自治区地方金融管理局.md,全国,客户经理,生效
自然人入股担保公司对信用记录有什么要求？,地方金融组织_新疆维吾尔自治区地方金融管理局,第3条,2023-06-15,2023-07-01,3.自然人股东应当具有完全民事行为能力；信用良好，无贪 污、贿赂、侵占财产、挪用财产等犯罪记录；具备相应出资能力， 时段性资产如银行活期账户、定期存单、国债、股票等流动性较 强的资产近3个月日均余额合计至少达到出资额的60%以上。,policy_地方金融组织_新疆维吾尔自治区地方金融管理局_10_4,policy,2025-12-31T15:17:56.245448,监管政策,地方金融组织_新疆维吾尔自治区地方金融管理局.md,全国,客户经理,生效
小额贷款公司大股东股权转让要持股满几年？,地方金融组织_新疆维吾尔自治区地方金融管理局,第4条,2023-06-15,2023-07-01,4.小额贷款公司股东股权转让应符合第一大股东所持的股 份满3年以上，其他股东所持的股份满2年以上的持股时间要求。 股权变更后，受让股东再次转让股权参照上述持有股份的时间要 求。股东之间转让股权不受上述持有股份时间限制。,policy_地方金融组织_新疆维吾尔自治区地方金融管理局_11_0,policy,2025-12-31T15:18:02.960114,监管政策,地方金融组织_新疆维吾尔自治区地方金融管理局.md,全国,客户经理,生效
小贷公司其他股东转让股权需要持股满多久？,地方金融组织_新疆维吾尔自治区地方金融管理局,第4条,2023-06-15,2023-07-01,4.小额贷款公司股东股权转让应符合第一大股东所持的股 份满3年以上，其他股东所持的股份满2年以上的持股时间要求。 股权变更后，受让股东再次转让股权参照上述持有股份的时间要 求。股东之间转让股权不受上述持有股份时间限制。,policy_地方金融组织_新疆维吾尔自治区地方金融管理局_11_1,policy,2025-12-31T15:18:02.960114,监管政策,地方金融组织_新疆维吾尔自治区地方金融管理局.md,全国,客户经理,生效
小贷公司股权变更后再次转让有时间限制吗？,地方金融组织_新疆维吾尔自治区地方金融管理局,第4条,2023-06-15,2023-07-01,4.小额贷款公司股东股权转让应符合第一大股东所持的股 份满3年以上，其他股东所持的股份满2年以上的持股时间要求。 股权变更后，受让股东再次转让股权参照上述持有股份的时间要 求。股东之间转让股权不受上述持有股份时间限制。,policy_地方金融组织_新疆维吾尔自治区地方金融管理局_11_2,policy,2025-12-31T15:18:02.960114,监管政策,地方金融组织_新疆维吾尔自治区地方金融管理局.md,全国,客户经理,生效
小贷公司股东之间转让股权受持股时间限制吗？,地方金融组织_新疆维吾尔自治区地方金融管理局,第4条,2023-06-15,2023-07-01,4.小额贷款公司股东股权转让应符合第一大股东所持的股 份满3年以上，其他股东所持的股份满2年以上的持股时间要求。 股权变更后，受让股东再次转让股权参照上述持有股份的时间要 求。股东之间转让股权不受上述持有股份时间限制。,policy_地方金融组织_新疆维吾尔自治区地方金融管理局_11_3,policy,2025-12-31T15:18:02.960114,监管政策,地方金融组织_新疆维吾尔自治区地方金融管理局.md,全国,客户经理,生效
注册在乌鲁木齐的担保公司注册资本最低多少？,地方金融组织_新疆维吾尔自治区地方金融管理局,第二条_1,2023-06-15,2023-07-01,（二）有符合规定的注册资本。注册在乌鲁木齐市的，有限 责任公司注册资本不得低于1亿元，股份有限公司注册资本不得 低于2亿元；注册在北疆及东疆的，有限责任公司注册资本不得 低于5000万元，股份有限公司注册资本不得低于1亿元；注册 在南疆的，有限责任公司注册资本不得低于2000万元，股份有 限公司注册资本不得低于4000万元。注册资本来源应真实合法， -4-,policy_地方金融组织_新疆维吾尔自治区地方金融管理局_12_0,policy,2025-12-31T15:18:12.128996,监管政策,地方金融组织_新疆维吾尔自治区地方金融管理局.md,全国,客户经理,生效
北疆地区股份有限公司做担保业务注册资金要多少？,地方金融组织_新疆维吾尔自治区地方金融管理局,第二条_2,2023-06-15,2023-07-01,（二）有符合规定的注册资本。注册在乌鲁木齐市的，有限 责任公司注册资本不得低于1亿元，股份有限公司注册资本不得 低于2亿元；注册在北疆及东疆的，有限责任公司注册资本不得 低于5000万元，股份有限公司注册资本不得低于1亿元；注册 在南疆的，有限责任公司注册资本不得低于2000万元，股份有 限公司注册资本不得低于4000万元。注册资本来源应真实合法， -4-,policy_地方金融组织_新疆维吾尔自治区地方金融管理局_12_1,policy,2025-12-31T15:18:12.128996,监管政策,地方金融组织_新疆维吾尔自治区地方金融管理局.md,全国,客户经理,生效
南疆注册的担保公司有限责任公司最低注册资本是多少？,地方金融组织_新疆维吾尔自治区地方金融管理局,第二条_3,2023-06-15,2023-07-01,（二）有符合规定的注册资本。注册在乌鲁木齐市的，有限 责任公司注册资本不得低于1亿元，股份有限公司注册资本不得 低于2亿元；注册在北疆及东疆的，有限责任公司注册资本不得 低于5000万元，股份有限公司注册资本不得低于1亿元；注册 在南疆的，有限责任公司注册资本不得低于2000万元，股份有 限公司注册资本不得低于4000万元。注册资本来源应真实合法， -4-,policy_地方金融组织_新疆维吾尔自治区地方金融管理局_12_2,policy,2025-12-31T15:18:12.128996,监管政策,地方金融组织_新疆维吾尔自治区地方金融管理局.md,全国,客户经理,生效
新疆不同区域的担保公司注册资本有啥区别？,地方金融组织_新疆维吾尔自治区地方金融管理局,第二条_1,2023-06-15,2023-07-01,（二）有符合规定的注册资本。注册在乌鲁木齐市的，有限 责任公司注册资本不得低于1亿元，股份有限公司注册资本不得 低于2亿元；注册在北疆及东疆的，有限责任公司注册资本不得 低于5000万元，股份有限公司注册资本不得低于1亿元；注册 在南疆的，有限责任公司注册资本不得低于2000万元，股份有 限公司注册资本不得低于4000万元。注册资本来源应真实合法， -4-,policy_地方金融组织_新疆维吾尔自治区地方金融管理局_12_3,policy,2025-12-31T15:18:12.128996,监管政策,地方金融组织_新疆维吾尔自治区地方金融管理局.md,全国,客户经理,生效
乌鲁木齐注册的融资担保公司股份有限公司要多少钱？,地方金融组织_新疆维吾尔自治区地方金融管理局,第二条_1,2023-06-15,2023-07-01,（二）有符合规定的注册资本。注册在乌鲁木齐市的，有限 责任公司注册资本不得低于1亿元，股份有限公司注册资本不得 低于2亿元；注册在北疆及东疆的，有限责任公司注册资本不得 低于5000万元，股份有限公司注册资本不得低于1亿元；注册 在南疆的，有限责任公司注册资本不得低于2000万元，股份有 限公司注册资本不得低于4000万元。注册资本来源应真实合法， -4-,policy_地方金融组织_新疆维吾尔自治区地方金融管理局_12_4,policy,2025-12-31T15:18:12.128996,监管政策,地方金融组织_新疆维吾尔自治区地方金融管理局.md,全国,客户经理,生效
担保公司注册资本必须是什么形式？,地方金融组织_新疆维吾尔自治区地方金融管理局,第3条_1,2023-06-15,2023-07-01,全部为实收货币资本，由出资人在公司设立时一次性足额缴纳。 严禁股东集合他人资金入股、虚假出资和抽逃注册资本。,policy_地方金融组织_新疆维吾尔自治区地方金融管理局_13_0,policy,2025-12-31T15:18:20.635650,监管政策,地方金融组织_新疆维吾尔自治区地方金融管理局.md,全国,客户经理,生效
出资人缴纳注册资本有什么要求？,地方金融组织_新疆维吾尔自治区地方金融管理局,第3条_2,2023-06-15,2023-07-01,全部为实收货币资本，由出资人在公司设立时一次性足额缴纳。 严禁股东集合他人资金入股、虚假出资和抽逃注册资本。,policy_地方金融组织_新疆维吾尔自治区地方金融管理局_13_1,policy,2025-12-31T15:18:20.635650,监管政策,地方金融组织_新疆维吾尔自治区地方金融管理局.md,全国,客户经理,生效
股东能不能用别人的钱来入股担保公司？,地方金融组织_新疆维吾尔自治区地方金融管理局,第3条_3,2023-06-15,2023-07-01,全部为实收货币资本，由出资人在公司设立时一次性足额缴纳。 严禁股东集合他人资金入股、虚假出资和抽逃注册资本。,policy_地方金融组织_新疆维吾尔自治区地方金融管理局_13_2,policy,2025-12-31T15:18:20.635650,监管政策,地方金融组织_新疆维吾尔自治区地方金融管理局.md,全国,客户经理,生效
虚假出资在担保公司设立中被允许吗？,地方金融组织_新疆维吾尔自治区地方金融管理局,第3条_4,2023-06-15,2023-07-01,全部为实收货币资本，由出资人在公司设立时一次性足额缴纳。 严禁股东集合他人资金入股、虚假出资和抽逃注册资本。,policy_地方金融组织_新疆维吾尔自治区地方金融管理局_13_3,policy,2025-12-31T15:18:20.635650,监管政策,地方金融组织_新疆维吾尔自治区地方金融管理局.md,全国,客户经理,生效
抽逃注册资本在担保公司里怎么处理？,地方金融组织_新疆维吾尔自治区地方金融管理局,第3条_5,2023-06-15,2023-07-01,全部为实收货币资本，由出资人在公司设立时一次性足额缴纳。 严禁股东集合他人资金入股、虚假出资和抽逃注册资本。,policy_地方金融组织_新疆维吾尔自治区地方金融管理局_13_4,policy,2025-12-31T15:18:20.635650,监管政策,地方金融组织_新疆维吾尔自治区地方金融管理局.md,全国,客户经理,生效
小额贷款公司高管需要多少年金融从业经验？,地方金融组织_新疆维吾尔自治区地方金融管理局,第三条_1,2023-06-15,2023-07-01,（三）有符合任职条件的董事和高级管理人员。拟任小额贷 款公司董事、监事和高级管理人员的自然人应符合《中华人民共 和国公司法》相关规定，且具备以下条件：拟任董事中应有20% 及以上的人员从事金融领域工作3年以上。高级管理人员不少于 2名，具有履职所需的金融知识、经济专业水平、从业经验及专 业技能，具备本科以上学历，从事金融领域工作3年以上或从事 相关经济管理工作5年以上；或具备大专以上学历，从事金融领 域工作8年以上。,policy_地方金融组织_新疆维吾尔自治区地方金融管理局_14_0,policy,2025-12-31T15:18:28.417694,监管政策,地方金融组织_新疆维吾尔自治区地方金融管理局.md,全国,客户经理,生效
小贷公司董事里有多少比例要干过3年金融？,地方金融组织_新疆维吾尔自治区地方金融管理局,第三条_1,2023-06-15,2023-07-01,（三）有符合任职条件的董事和高级管理人员。拟任小额贷 款公司董事、监事和高级管理人员的自然人应符合《中华人民共 和国公司法》相关规定，且具备以下条件：拟任董事中应有20% 及以上的人员从事金融领域工作3年以上。高级管理人员不少于 2名，具有履职所需的金融知识、经济专业水平、从业经验及专 业技能，具备本科以上学历，从事金融领域工作3年以上或从事 相关经济管理工作5年以上；或具备大专以上学历，从事金融领 域工作8年以上。,policy_地方金融组织_新疆维吾尔自治区地方金融管理局_14_1,policy,2025-12-31T15:18:28.417694,监管政策,地方金融组织_新疆维吾尔自治区地方金融管理局.md,全国,客户经理,生效
小贷公司高管学历最低要求是什么？,地方金融组织_新疆维吾尔自治区地方金融管理局,第三条_1,2023-06-15,2023-07-01,（三）有符合任职条件的董事和高级管理人员。拟任小额贷 款公司董事、监事和高级管理人员的自然人应符合《中华人民共 和国公司法》相关规定，且具备以下条件：拟任董事中应有20% 及以上的人员从事金融领域工作3年以上。高级管理人员不少于 2名，具有履职所需的金融知识、经济专业水平、从业经验及专 业技能，具备本科以上学历，从事金融领域工作3年以上或从事 相关经济管理工作5年以上；或具备大专以上学历，从事金融领 域工作8年以上。,policy_地方金融组织_新疆维吾尔自治区地方金融管理局_14_2,policy,2025-12-31T15:18:28.417694,监管政策,地方金融组织_新疆维吾尔自治区地方金融管理局.md,全国,客户经理,生效
大专学历的小贷公司高管要干满几年金融？,地方金融组织_新疆维吾尔自治区地方金融管理局,第三条_1,2023-06-15,2023-07-01,（三）有符合任职条件的董事和高级管理人员。拟任小额贷 款公司董事、监事和高级管理人员的自然人应符合《中华人民共 和国公司法》相关规定，且具备以下条件：拟任董事中应有20% 及以上的人员从事金融领域工作3年以上。高级管理人员不少于 2名，具有履职所需的金融知识、经济专业水平、从业经验及专 业技能，具备本科以上学历，从事金融领域工作3年以上或从事 相关经济管理工作5年以上；或具备大专以上学历，从事金融领 域工作8年以上。,policy_地方金融组织_新疆维吾尔自治区地方金融管理局_14_3,policy,2025-12-31T15:18:28.417694,监管政策,地方金融组织_新疆维吾尔自治区地方金融管理局.md,全国,客户经理,生效
小贷公司至少要配几个高管？,地方金融组织_新疆维吾尔自治区地方金融管理局,第三条_1,2023-06-15,2023-07-01,（三）有符合任职条件的董事和高级管理人员。拟任小额贷 款公司董事、监事和高级管理人员的自然人应符合《中华人民共 和国公司法》相关规定，且具备以下条件：拟任董事中应有20% 及以上的人员从事金融领域工作3年以上。高级管理人员不少于 2名，具有履职所需的金融知识、经济专业水平、从业经验及专 业技能，具备本科以上学历，从事金融领域工作3年以上或从事 相关经济管理工作5年以上；或具备大专以上学历，从事金融领 域工作8年以上。,policy_地方金融组织_新疆维吾尔自治区地方金融管理局_14_4,policy,2025-12-31T15:18:28.417694,监管政策,地方金融组织_新疆维吾尔自治区地方金融管理局.md,全国,客户经理,生效
担保公司内控管理机制需要满足什么要求？,地方金融组织_新疆维吾尔自治区地方金融管理局,第四条,2023-06-15,2023-07-01,（四）有完善的法人治理结构和内控管理机制，建立健全透 明规范的贷款管理制度和操作流程。,policy_地方金融组织_新疆维吾尔自治区地方金融管理局_15_0,policy,2025-12-31T15:18:36.809348,监管政策,地方金融组织_新疆维吾尔自治区地方金融管理局.md,全国,客户经理,生效
贷款管理制度要符合哪些规范标准？,地方金融组织_新疆维吾尔自治区地方金融管理局,第四条,2023-06-15,2023-07-01,（四）有完善的法人治理结构和内控管理机制，建立健全透 明规范的贷款管理制度和操作流程。,policy_地方金融组织_新疆维吾尔自治区地方金融管理局_15_1,policy,2025-12-31T15:18:36.809348,监管政策,地方金融组织_新疆维吾尔自治区地方金融管理局.md,全国,客户经理,生效
担保公司操作流程需具备什么特征？,地方金融组织_新疆维吾尔自治区地方金融管理局,第四条,2023-06-15,2023-07-01,（四）有完善的法人治理结构和内控管理机制，建立健全透 明规范的贷款管理制度和操作流程。,policy_地方金融组织_新疆维吾尔自治区地方金融管理局_15_2,policy,2025-12-31T15:18:36.809348,监管政策,地方金融组织_新疆维吾尔自治区地方金融管理局.md,全国,客户经理,生效
法人治理结构不完善会影响担保评级吗？,地方金融组织_新疆维吾尔自治区地方金融管理局,第四条,2023-06-15,2023-07-01,（四）有完善的法人治理结构和内控管理机制，建立健全透 明规范的贷款管理制度和操作流程。,policy_地方金融组织_新疆维吾尔自治区地方金融管理局_15_3,policy,2025-12-31T15:18:36.809348,监管政策,地方金融组织_新疆维吾尔自治区地方金融管理局.md,全国,客户经理,生效
新疆担保公司制度透明度有什么要求？,地方金融组织_新疆维吾尔自治区地方金融管理局,第四条,2023-06-15,2023-07-01,（四）有完善的法人治理结构和内控管理机制，建立健全透 明规范的贷款管理制度和操作流程。,policy_地方金融组织_新疆维吾尔自治区地方金融管理局_15_4,policy,2025-12-31T15:18:36.809348,监管政策,地方金融组织_新疆维吾尔自治区地方金融管理局.md,全国,客户经理,生效
新疆担保公司注册需要哪些营业场所条件？,地方金融组织_新疆维吾尔自治区地方金融管理局,第五条,2023-06-15,2023-07-01,（五）在拟注册地有与业务经营相适应的营业场所、安全防 范措施和其他必要设施。,policy_地方金融组织_新疆维吾尔自治区地方金融管理局_16_0,policy,2025-12-31T15:18:42.512492,监管政策,地方金融组织_新疆维吾尔自治区地方金融管理局.md,全国,客户经理,生效
设立融资担保公司对安全防范措施有什么要求？,地方金融组织_新疆维吾尔自治区地方金融管理局,第五条,2023-06-15,2023-07-01,（五）在拟注册地有与业务经营相适应的营业场所、安全防 范措施和其他必要设施。,policy_地方金融组织_新疆维吾尔自治区地方金融管理局_16_1,policy,2025-12-31T15:18:42.512492,监管政策,地方金融组织_新疆维吾尔自治区地方金融管理局.md,全国,客户经理,生效
新疆这边申请担保牌照需要配备哪些必要设施？,地方金融组织_新疆维吾尔自治区地方金融管理局,第五条,2023-06-15,2023-07-01,（五）在拟注册地有与业务经营相适应的营业场所、安全防 范措施和其他必要设施。,policy_地方金融组织_新疆维吾尔自治区地方金融管理局_16_2,policy,2025-12-31T15:18:42.512492,监管政策,地方金融组织_新疆维吾尔自治区地方金融管理局.md,全国,客户经理,生效
小额贷款公司设分支机构注册资本要多少？,地方金融组织_新疆维吾尔自治区地方金融管理局,第六条_1,2023-08-15,2023-09-01,（六）法律、法规、规章规定的其他条件。 注册资本达到1亿元的小额贷款公司可申请设立1-2家分支 机构；小额贷款公司应当对每个分支机构拨付不少于1000万元 的营运资金。拨付各分支机构营运资金总额不得超过总公司资本 净额的50%。,policy_地方金融组织_新疆维吾尔自治区地方金融管理局_17_0,policy,2025-12-31T15:18:49.708578,监管政策,地方金融组织_新疆维吾尔自治区地方金融管理局.md,全国,客户经理,生效
小额贷款公司能申请几个分支机构？,地方金融组织_新疆维吾尔自治区地方金融管理局,第六条_2,2023-08-15,2023-09-01,（六）法律、法规、规章规定的其他条件。 注册资本达到1亿元的小额贷款公司可申请设立1-2家分支 机构；小额贷款公司应当对每个分支机构拨付不少于1000万元 的营运资金。拨付各分支机构营运资金总额不得超过总公司资本 净额的50%。,policy_地方金融组织_新疆维吾尔自治区地方金融管理局_17_1,policy,2025-12-31T15:18:49.708578,监管政策,地方金融组织_新疆维吾尔自治区地方金融管理局.md,全国,客户经理,生效
分支机构营运资金最少要拨付多少？,地方金融组织_新疆维吾尔自治区地方金融管理局,第六条_3,2023-08-15,2023-09-01,（六）法律、法规、规章规定的其他条件。 注册资本达到1亿元的小额贷款公司可申请设立1-2家分支 机构；小额贷款公司应当对每个分支机构拨付不少于1000万元 的营运资金。拨付各分支机构营运资金总额不得超过总公司资本 净额的50%。,policy_地方金融组织_新疆维吾尔自治区地方金融管理局_17_2,policy,2025-12-31T15:18:49.708578,监管政策,地方金融组织_新疆维吾尔自治区地方金融管理局.md,全国,客户经理,生效
总公司给分支机构拨付资金上限是多少？,地方金融组织_新疆维吾尔自治区地方金融管理局,第六条_4,2023-08-15,2023-09-01,（六）法律、法规、规章规定的其他条件。 注册资本达到1亿元的小额贷款公司可申请设立1-2家分支 机构；小额贷款公司应当对每个分支机构拨付不少于1000万元 的营运资金。拨付各分支机构营运资金总额不得超过总公司资本 净额的50%。,policy_地方金融组织_新疆维吾尔自治区地方金融管理局_17_3,policy,2025-12-31T15:18:49.708578,监管政策,地方金融组织_新疆维吾尔自治区地方金融管理局.md,全国,客户经理,生效
小额贷款公司能不能做股权投资？,地方金融组织_新疆维吾尔自治区地方金融管理局,第六条,,,第六条小额贷款公司不得对外开展股权投资。购买固定收 益类证券比例不得超过上一会计年度公司净资产的20%。,policy_地方金融组织_新疆维吾尔自治区地方金融管理局_18_0,policy,2025-12-31T15:18:54.546144,监管政策,地方金融组织_新疆维吾尔自治区地方金融管理局.md,全国,客户经理,生效
小贷公司买固定收益类证券比例上限是多少？,地方金融组织_新疆维吾尔自治区地方金融管理局,第六条,,,第六条小额贷款公司不得对外开展股权投资。购买固定收 益类证券比例不得超过上一会计年度公司净资产的20%。,policy_地方金融组织_新疆维吾尔自治区地方金融管理局_18_1,policy,2025-12-31T15:18:54.546144,监管政策,地方金融组织_新疆维吾尔自治区地方金融管理局.md,全国,客户经理,生效
小贷公司证券投资不得超过净资产的百分之多少？,地方金融组织_新疆维吾尔自治区地方金融管理局,第六条,,,第六条小额贷款公司不得对外开展股权投资。购买固定收 益类证券比例不得超过上一会计年度公司净资产的20%。,policy_地方金融组织_新疆维吾尔自治区地方金融管理局_18_2,policy,2025-12-31T15:18:54.546144,监管政策,地方金融组织_新疆维吾尔自治区地方金融管理局.md,全国,客户经理,生效
新疆小额贷款公司设立申请找哪个部门提交？,地方金融组织_新疆维吾尔自治区地方金融管理局,第七条,,,第七条小额贷款公司的设立，应当由发起人向所辖地州市 或兵团师市地方金融管理机构提交设立申请，由所辖地州市或兵 团师市地方金融管理机构审核后，依辖报自治区地方金融管理局 -5-,policy_地方金融组织_新疆维吾尔自治区地方金融管理局_19_0,policy,2025-12-31T15:19:00.512763,监管政策,地方金融组织_新疆维吾尔自治区地方金融管理局.md,全国,客户经理,生效
地州市金融局要上报哪家单位审批小贷公司设立？,地方金融组织_新疆维吾尔自治区地方金融管理局,第七条,,,第七条小额贷款公司的设立，应当由发起人向所辖地州市 或兵团师市地方金融管理机构提交设立申请，由所辖地州市或兵 团师市地方金融管理机构审核后，依辖报自治区地方金融管理局 -5-,policy_地方金融组织_新疆维吾尔自治区地方金融管理局_19_1,policy,2025-12-31T15:19:00.512763,监管政策,地方金融组织_新疆维吾尔自治区地方金融管理局.md,全国,客户经理,生效
兵团师市的小额贷款公司设立由谁初审？,地方金融组织_新疆维吾尔自治区地方金融管理局,第七条,,,第七条小额贷款公司的设立，应当由发起人向所辖地州市 或兵团师市地方金融管理机构提交设立申请，由所辖地州市或兵 团师市地方金融管理机构审核后，依辖报自治区地方金融管理局 -5-,policy_地方金融组织_新疆维吾尔自治区地方金融管理局_19_2,policy,2025-12-31T15:19:00.512763,监管政策,地方金融组织_新疆维吾尔自治区地方金融管理局.md,全国,客户经理,生效
新疆设立小贷公司最终审批单位是哪个？,地方金融组织_新疆维吾尔自治区地方金融管理局,第七条,,,第七条小额贷款公司的设立，应当由发起人向所辖地州市 或兵团师市地方金融管理机构提交设立申请，由所辖地州市或兵 团师市地方金融管理机构审核后，依辖报自治区地方金融管理局 -5-,policy_地方金融组织_新疆维吾尔自治区地方金融管理局_19_3,policy,2025-12-31T15:19:00.512763,监管政策,地方金融组织_新疆维吾尔自治区地方金融管理局.md,全国,客户经理,生效
设立小额贷款公司需要提交哪些股东材料？,地方金融组织_新疆维吾尔自治区地方金融管理局,第3条_1,2023-08-15,2023-09-01,或兵团地方金融管理局审批。 设立小额贷款公司，地州市或兵团师市地方金融管理机构应 当提交下列材料： （一）对拟设立的小额贷款公司股东及拟任高管人员的约谈 记录； （二）同意设立小额贷款公司的报告和初审意见； （三）小额贷款公司出资人出资真实、合法的调查报告。 申请人应当提交下列材料： （一）设立申请书； （二）可行性研究报告； （三）公司章程草案； （四）股东基本情况。股东情况介绍、股东名册、出资额、 出资比例。企业法人股东提供资料包括：股东会决议、营业执照、 征信报告、最近2年审计报告、纳税证明、法定代表人身份证复 印件。自然人股东提供资料包括：个人简历、身份证复印件、入 股资金来源证明、个人信用报告； （五）出资人承诺书。出资人应承诺自觉遵守国家、自治区 有关小额贷款公司的相关规定，遵守公司章程，参与管理并承担 风险，保证入股资金来源合法，不从事非法金融活动，不以借贷 资金和他人委托资金入股，并对小额贷款公司经营管理风险认识 清楚，具备防控和处置风险的有效手段和兜底措施； （六）出资人协议书。股东之间关于出资设立小额贷款公司 的协议； （七）律师对申报材料合法合规性及股东关联情况等方面出 -6-,policy_地方金融组织_新疆维吾尔自治区地方金融管理局_20_0,policy,2025-12-31T15:19:17.590777,监管政策,地方金融组织_新疆维吾尔自治区地方金融管理局.md,全国,客户经理,生效
自然人入股小额贷款公司要提供什么证明？,地方金融组织_新疆维吾尔自治区地方金融管理局,第3条_2,2023-08-15,2023-09-01,或兵团地方金融管理局审批。 设立小额贷款公司，地州市或兵团师市地方金融管理机构应 当提交下列材料： （一）对拟设立的小额贷款公司股东及拟任高管人员的约谈 记录； （二）同意设立小额贷款公司的报告和初审意见； （三）小额贷款公司出资人出资真实、合法的调查报告。 申请人应当提交下列材料： （一）设立申请书； （二）可行性研究报告； （三）公司章程草案； （四）股东基本情况。股东情况介绍、股东名册、出资额、 出资比例。企业法人股东提供资料包括：股东会决议、营业执照、 征信报告、最近2年审计报告、纳税证明、法定代表人身份证复 印件。自然人股东提供资料包括：个人简历、身份证复印件、入 股资金来源证明、个人信用报告； （五）出资人承诺书。出资人应承诺自觉遵守国家、自治区 有关小额贷款公司的相关规定，遵守公司章程，参与管理并承担 风险，保证入股资金来源合法，不从事非法金融活动，不以借贷 资金和他人委托资金入股，并对小额贷款公司经营管理风险认识 清楚，具备防控和处置风险的有效手段和兜底措施； （六）出资人协议书。股东之间关于出资设立小额贷款公司 的协议； （七）律师对申报材料合法合规性及股东关联情况等方面出 -6-,policy_地方金融组织_新疆维吾尔自治区地方金融管理局_20_1,policy,2025-12-31T15:19:17.590777,监管政策,地方金融组织_新疆维吾尔自治区地方金融管理局.md,全国,客户经理,生效
企业法人股东申请小贷公司需提交哪些文件？,地方金融组织_新疆维吾尔自治区地方金融管理局,第3条_3,2023-08-15,2023-09-01,或兵团地方金融管理局审批。 设立小额贷款公司，地州市或兵团师市地方金融管理机构应 当提交下列材料： （一）对拟设立的小额贷款公司股东及拟任高管人员的约谈 记录； （二）同意设立小额贷款公司的报告和初审意见； （三）小额贷款公司出资人出资真实、合法的调查报告。 申请人应当提交下列材料： （一）设立申请书； （二）可行性研究报告； （三）公司章程草案； （四）股东基本情况。股东情况介绍、股东名册、出资额、 出资比例。企业法人股东提供资料包括：股东会决议、营业执照、 征信报告、最近2年审计报告、纳税证明、法定代表人身份证复 印件。自然人股东提供资料包括：个人简历、身份证复印件、入 股资金来源证明、个人信用报告； （五）出资人承诺书。出资人应承诺自觉遵守国家、自治区 有关小额贷款公司的相关规定，遵守公司章程，参与管理并承担 风险，保证入股资金来源合法，不从事非法金融活动，不以借贷 资金和他人委托资金入股，并对小额贷款公司经营管理风险认识 清楚，具备防控和处置风险的有效手段和兜底措施； （六）出资人协议书。股东之间关于出资设立小额贷款公司 的协议； （七）律师对申报材料合法合规性及股东关联情况等方面出 -6-,policy_地方金融组织_新疆维吾尔自治区地方金融管理局_20_2,policy,2025-12-31T15:19:17.590777,监管政策,地方金融组织_新疆维吾尔自治区地方金融管理局.md,全国,客户经理,生效
设立小贷公司对出资资金来源有什么要求？,地方金融组织_新疆维吾尔自治区地方金融管理局,第3条_4,2023-08-15,2023-09-01,或兵团地方金融管理局审批。 设立小额贷款公司，地州市或兵团师市地方金融管理机构应 当提交下列材料： （一）对拟设立的小额贷款公司股东及拟任高管人员的约谈 记录； （二）同意设立小额贷款公司的报告和初审意见； （三）小额贷款公司出资人出资真实、合法的调查报告。 申请人应当提交下列材料： （一）设立申请书； （二）可行性研究报告； （三）公司章程草案； （四）股东基本情况。股东情况介绍、股东名册、出资额、 出资比例。企业法人股东提供资料包括：股东会决议、营业执照、 征信报告、最近2年审计报告、纳税证明、法定代表人身份证复 印件。自然人股东提供资料包括：个人简历、身份证复印件、入 股资金来源证明、个人信用报告； （五）出资人承诺书。出资人应承诺自觉遵守国家、自治区 有关小额贷款公司的相关规定，遵守公司章程，参与管理并承担 风险，保证入股资金来源合法，不从事非法金融活动，不以借贷 资金和他人委托资金入股，并对小额贷款公司经营管理风险认识 清楚，具备防控和处置风险的有效手段和兜底措施； （六）出资人协议书。股东之间关于出资设立小额贷款公司 的协议； （七）律师对申报材料合法合规性及股东关联情况等方面出 -6-,policy_地方金融组织_新疆维吾尔自治区地方金融管理局_20_3,policy,2025-12-31T15:19:17.590777,监管政策,地方金融组织_新疆维吾尔自治区地方金融管理局.md,全国,客户经理,生效
小贷公司设立申请要提交可行性研究报告吗？,地方金融组织_新疆维吾尔自治区地方金融管理局,第3条_5,2023-08-15,2023-09-01,或兵团地方金融管理局审批。 设立小额贷款公司，地州市或兵团师市地方金融管理机构应 当提交下列材料： （一）对拟设立的小额贷款公司股东及拟任高管人员的约谈 记录； （二）同意设立小额贷款公司的报告和初审意见； （三）小额贷款公司出资人出资真实、合法的调查报告。 申请人应当提交下列材料： （一）设立申请书； （二）可行性研究报告； （三）公司章程草案； （四）股东基本情况。股东情况介绍、股东名册、出资额、 出资比例。企业法人股东提供资料包括：股东会决议、营业执照、 征信报告、最近2年审计报告、纳税证明、法定代表人身份证复 印件。自然人股东提供资料包括：个人简历、身份证复印件、入 股资金来源证明、个人信用报告； （五）出资人承诺书。出资人应承诺自觉遵守国家、自治区 有关小额贷款公司的相关规定，遵守公司章程，参与管理并承担 风险，保证入股资金来源合法，不从事非法金融活动，不以借贷 资金和他人委托资金入股，并对小额贷款公司经营管理风险认识 清楚，具备防控和处置风险的有效手段和兜底措施； （六）出资人协议书。股东之间关于出资设立小额贷款公司 的协议； （七）律师对申报材料合法合规性及股东关联情况等方面出 -6-,policy_地方金融组织_新疆维吾尔自治区地方金融管理局_20_4,policy,2025-12-31T15:19:17.590777,监管政策,地方金融组织_新疆维吾尔自治区地方金融管理局.md,全国,客户经理,生效
申请设立小贷公司需要提供公司章程草案吗？,地方金融组织_新疆维吾尔自治区地方金融管理局,第3条_6,2023-08-15,2023-09-01,或兵团地方金融管理局审批。 设立小额贷款公司，地州市或兵团师市地方金融管理机构应 当提交下列材料： （一）对拟设立的小额贷款公司股东及拟任高管人员的约谈 记录； （二）同意设立小额贷款公司的报告和初审意见； （三）小额贷款公司出资人出资真实、合法的调查报告。 申请人应当提交下列材料： （一）设立申请书； （二）可行性研究报告； （三）公司章程草案； （四）股东基本情况。股东情况介绍、股东名册、出资额、 出资比例。企业法人股东提供资料包括：股东会决议、营业执照、 征信报告、最近2年审计报告、纳税证明、法定代表人身份证复 印件。自然人股东提供资料包括：个人简历、身份证复印件、入 股资金来源证明、个人信用报告； （五）出资人承诺书。出资人应承诺自觉遵守国家、自治区 有关小额贷款公司的相关规定，遵守公司章程，参与管理并承担 风险，保证入股资金来源合法，不从事非法金融活动，不以借贷 资金和他人委托资金入股，并对小额贷款公司经营管理风险认识 清楚，具备防控和处置风险的有效手段和兜底措施； （六）出资人协议书。股东之间关于出资设立小额贷款公司 的协议； （七）律师对申报材料合法合规性及股东关联情况等方面出 -6-,policy_地方金融组织_新疆维吾尔自治区地方金融管理局_20_5,policy,2025-12-31T15:19:17.590777,监管政策,地方金融组织_新疆维吾尔自治区地方金融管理局.md,全国,客户经理,生效
小贷公司股东之间要签出资协议书吗？,地方金融组织_新疆维吾尔自治区地方金融管理局,第3条_7,2023-08-15,2023-09-01,或兵团地方金融管理局审批。 设立小额贷款公司，地州市或兵团师市地方金融管理机构应 当提交下列材料： （一）对拟设立的小额贷款公司股东及拟任高管人员的约谈 记录； （二）同意设立小额贷款公司的报告和初审意见； （三）小额贷款公司出资人出资真实、合法的调查报告。 申请人应当提交下列材料： （一）设立申请书； （二）可行性研究报告； （三）公司章程草案； （四）股东基本情况。股东情况介绍、股东名册、出资额、 出资比例。企业法人股东提供资料包括：股东会决议、营业执照、 征信报告、最近2年审计报告、纳税证明、法定代表人身份证复 印件。自然人股东提供资料包括：个人简历、身份证复印件、入 股资金来源证明、个人信用报告； （五）出资人承诺书。出资人应承诺自觉遵守国家、自治区 有关小额贷款公司的相关规定，遵守公司章程，参与管理并承担 风险，保证入股资金来源合法，不从事非法金融活动，不以借贷 资金和他人委托资金入股，并对小额贷款公司经营管理风险认识 清楚，具备防控和处置风险的有效手段和兜底措施； （六）出资人协议书。股东之间关于出资设立小额贷款公司 的协议； （七）律师对申报材料合法合规性及股东关联情况等方面出 -6-,policy_地方金融组织_新疆维吾尔自治区地方金融管理局_20_6,policy,2025-12-31T15:19:17.590777,监管政策,地方金融组织_新疆维吾尔自治区地方金融管理局.md,全国,客户经理,生效
设立小贷公司是否需要提交高管约谈记录？,地方金融组织_新疆维吾尔自治区地方金融管理局,第2条_1,2023-08-15,2023-09-01,或兵团地方金融管理局审批。 设立小额贷款公司，地州市或兵团师市地方金融管理机构应 当提交下列材料： （一）对拟设立的小额贷款公司股东及拟任高管人员的约谈 记录； （二）同意设立小额贷款公司的报告和初审意见； （三）小额贷款公司出资人出资真实、合法的调查报告。 申请人应当提交下列材料： （一）设立申请书； （二）可行性研究报告； （三）公司章程草案； （四）股东基本情况。股东情况介绍、股东名册、出资额、 出资比例。企业法人股东提供资料包括：股东会决议、营业执照、 征信报告、最近2年审计报告、纳税证明、法定代表人身份证复 印件。自然人股东提供资料包括：个人简历、身份证复印件、入 股资金来源证明、个人信用报告； （五）出资人承诺书。出资人应承诺自觉遵守国家、自治区 有关小额贷款公司的相关规定，遵守公司章程，参与管理并承担 风险，保证入股资金来源合法，不从事非法金融活动，不以借贷 资金和他人委托资金入股，并对小额贷款公司经营管理风险认识 清楚，具备防控和处置风险的有效手段和兜底措施； （六）出资人协议书。股东之间关于出资设立小额贷款公司 的协议； （七）律师对申报材料合法合规性及股东关联情况等方面出 -6-,policy_地方金融组织_新疆维吾尔自治区地方金融管理局_20_7,policy,2025-12-31T15:19:17.590777,监管政策,地方金融组织_新疆维吾尔自治区地方金融管理局.md,全国,客户经理,生效
地州市金融局设立小贷公司初审要提交啥？,地方金融组织_新疆维吾尔自治区地方金融管理局,第2条_2,2023-08-15,2023-09-01,或兵团地方金融管理局审批。 设立小额贷款公司，地州市或兵团师市地方金融管理机构应 当提交下列材料： （一）对拟设立的小额贷款公司股东及拟任高管人员的约谈 记录； （二）同意设立小额贷款公司的报告和初审意见； （三）小额贷款公司出资人出资真实、合法的调查报告。 申请人应当提交下列材料： （一）设立申请书； （二）可行性研究报告； （三）公司章程草案； （四）股东基本情况。股东情况介绍、股东名册、出资额、 出资比例。企业法人股东提供资料包括：股东会决议、营业执照、 征信报告、最近2年审计报告、纳税证明、法定代表人身份证复 印件。自然人股东提供资料包括：个人简历、身份证复印件、入 股资金来源证明、个人信用报告； （五）出资人承诺书。出资人应承诺自觉遵守国家、自治区 有关小额贷款公司的相关规定，遵守公司章程，参与管理并承担 风险，保证入股资金来源合法，不从事非法金融活动，不以借贷 资金和他人委托资金入股，并对小额贷款公司经营管理风险认识 清楚，具备防控和处置风险的有效手段和兜底措施； （六）出资人协议书。股东之间关于出资设立小额贷款公司 的协议； （七）律师对申报材料合法合规性及股东关联情况等方面出 -6-,policy_地方金融组织_新疆维吾尔自治区地方金融管理局_20_8,policy,2025-12-31T15:19:17.590777,监管政策,地方金融组织_新疆维吾尔自治区地方金融管理局.md,全国,客户经理,生效
律师在小贷公司设立中要出具什么报告？,地方金融组织_新疆维吾尔自治区地方金融管理局,第3条_8,2023-08-15,2023-09-01,或兵团地方金融管理局审批。 设立小额贷款公司，地州市或兵团师市地方金融管理机构应 当提交下列材料： （一）对拟设立的小额贷款公司股东及拟任高管人员的约谈 记录； （二）同意设立小额贷款公司的报告和初审意见； （三）小额贷款公司出资人出资真实、合法的调查报告。 申请人应当提交下列材料： （一）设立申请书； （二）可行性研究报告； （三）公司章程草案； （四）股东基本情况。股东情况介绍、股东名册、出资额、 出资比例。企业法人股东提供资料包括：股东会决议、营业执照、 征信报告、最近2年审计报告、纳税证明、法定代表人身份证复 印件。自然人股东提供资料包括：个人简历、身份证复印件、入 股资金来源证明、个人信用报告； （五）出资人承诺书。出资人应承诺自觉遵守国家、自治区 有关小额贷款公司的相关规定，遵守公司章程，参与管理并承担 风险，保证入股资金来源合法，不从事非法金融活动，不以借贷 资金和他人委托资金入股，并对小额贷款公司经营管理风险认识 清楚，具备防控和处置风险的有效手段和兜底措施； （六）出资人协议书。股东之间关于出资设立小额贷款公司 的协议； （七）律师对申报材料合法合规性及股东关联情况等方面出 -6-,policy_地方金融组织_新疆维吾尔自治区地方金融管理局_20_9,policy,2025-12-31T15:19:17.590777,监管政策,地方金融组织_新疆维吾尔自治区地方金融管理局.md,全国,客户经理,生效
新疆担保公司注册需要提供哪些法律文件？,地方金融组织_新疆维吾尔自治区地方金融管理局,第9条_8,2023-06-15,2023-07-01,具的法律意见书； （八）职能部门设置、公司治理结构及主要管理制度； （九）拟任职高级管理人员的备案材料； （十）公司住所所有权或使用权证明材料； （十一）企业名称预先核准通知书； （十二）公安消防部门对营业场所出具的消防设施合格证 明； （十三）拟开户银行协助监管承诺函； （十四）法定验资机构出具的验资报告； (十五)其他需要提供的材料。,policy_地方金融组织_新疆维吾尔自治区地方金融管理局_21_0,policy,2025-12-31T15:19:31.367015,监管政策,地方金融组织_新疆维吾尔自治区地方金融管理局.md,全国,客户经理,生效
设立融资担保公司要提交哪些管理制度材料？,地方金融组织_新疆维吾尔自治区地方金融管理局,第9条_8,2023-06-15,2023-07-01,具的法律意见书； （八）职能部门设置、公司治理结构及主要管理制度； （九）拟任职高级管理人员的备案材料； （十）公司住所所有权或使用权证明材料； （十一）企业名称预先核准通知书； （十二）公安消防部门对营业场所出具的消防设施合格证 明； （十三）拟开户银行协助监管承诺函； （十四）法定验资机构出具的验资报告； (十五)其他需要提供的材料。,policy_地方金融组织_新疆维吾尔自治区地方金融管理局_21_1,policy,2025-12-31T15:19:31.367015,监管政策,地方金融组织_新疆维吾尔自治区地方金融管理局.md,全国,客户经理,生效
新疆这边申请担保公司要报哪些高管备案材料？,地方金融组织_新疆维吾尔自治区地方金融管理局,第9条_9,2023-06-15,2023-07-01,具的法律意见书； （八）职能部门设置、公司治理结构及主要管理制度； （九）拟任职高级管理人员的备案材料； （十）公司住所所有权或使用权证明材料； （十一）企业名称预先核准通知书； （十二）公安消防部门对营业场所出具的消防设施合格证 明； （十三）拟开户银行协助监管承诺函； （十四）法定验资机构出具的验资报告； (十五)其他需要提供的材料。,policy_地方金融组织_新疆维吾尔自治区地方金融管理局_21_2,policy,2025-12-31T15:19:31.367015,监管政策,地方金融组织_新疆维吾尔自治区地方金融管理局.md,全国,客户经理,生效
注册担保公司需要提供营业场所的什么证明？,地方金融组织_新疆维吾尔自治区地方金融管理局,第9条_10,2023-06-15,2023-07-01,具的法律意见书； （八）职能部门设置、公司治理结构及主要管理制度； （九）拟任职高级管理人员的备案材料； （十）公司住所所有权或使用权证明材料； （十一）企业名称预先核准通知书； （十二）公安消防部门对营业场所出具的消防设施合格证 明； （十三）拟开户银行协助监管承诺函； （十四）法定验资机构出具的验资报告； (十五)其他需要提供的材料。,policy_地方金融组织_新疆维吾尔自治区地方金融管理局_21_3,policy,2025-12-31T15:19:31.367015,监管政策,地方金融组织_新疆维吾尔自治区地方金融管理局.md,全国,客户经理,生效
新疆设立担保公司需要先办企业名称核准吗？,地方金融组织_新疆维吾尔自治区地方金融管理局,第9条_11,2023-06-15,2023-07-01,具的法律意见书； （八）职能部门设置、公司治理结构及主要管理制度； （九）拟任职高级管理人员的备案材料； （十）公司住所所有权或使用权证明材料； （十一）企业名称预先核准通知书； （十二）公安消防部门对营业场所出具的消防设施合格证 明； （十三）拟开户银行协助监管承诺函； （十四）法定验资机构出具的验资报告； (十五)其他需要提供的材料。,policy_地方金融组织_新疆维吾尔自治区地方金融管理局_21_4,policy,2025-12-31T15:19:31.367015,监管政策,地方金融组织_新疆维吾尔自治区地方金融管理局.md,全国,客户经理,生效
担保公司注册时营业场所要提供消防合格证吗？,地方金融组织_新疆维吾尔自治区地方金融管理局,第9条_12,2023-06-15,2023-07-01,具的法律意见书； （八）职能部门设置、公司治理结构及主要管理制度； （九）拟任职高级管理人员的备案材料； （十）公司住所所有权或使用权证明材料； （十一）企业名称预先核准通知书； （十二）公安消防部门对营业场所出具的消防设施合格证 明； （十三）拟开户银行协助监管承诺函； （十四）法定验资机构出具的验资报告； (十五)其他需要提供的材料。,policy_地方金融组织_新疆维吾尔自治区地方金融管理局_21_5,policy,2025-12-31T15:19:31.367015,监管政策,地方金融组织_新疆维吾尔自治区地方金融管理局.md,全国,客户经理,生效
新开担保公司开户银行要出监管承诺函吗？,地方金融组织_新疆维吾尔自治区地方金融管理局,第9条_13,2023-06-15,2023-07-01,具的法律意见书； （八）职能部门设置、公司治理结构及主要管理制度； （九）拟任职高级管理人员的备案材料； （十）公司住所所有权或使用权证明材料； （十一）企业名称预先核准通知书； （十二）公安消防部门对营业场所出具的消防设施合格证 明； （十三）拟开户银行协助监管承诺函； （十四）法定验资机构出具的验资报告； (十五)其他需要提供的材料。,policy_地方金融组织_新疆维吾尔自治区地方金融管理局_21_6,policy,2025-12-31T15:19:31.367015,监管政策,地方金融组织_新疆维吾尔自治区地方金融管理局.md,全国,客户经理,生效
注册融资担保公司需要验资报告吗？谁出具？,地方金融组织_新疆维吾尔自治区地方金融管理局,第9条_14,2023-06-15,2023-07-01,具的法律意见书； （八）职能部门设置、公司治理结构及主要管理制度； （九）拟任职高级管理人员的备案材料； （十）公司住所所有权或使用权证明材料； （十一）企业名称预先核准通知书； （十二）公安消防部门对营业场所出具的消防设施合格证 明； （十三）拟开户银行协助监管承诺函； （十四）法定验资机构出具的验资报告； (十五)其他需要提供的材料。,policy_地方金融组织_新疆维吾尔自治区地方金融管理局_21_7,policy,2025-12-31T15:19:31.367015,监管政策,地方金融组织_新疆维吾尔自治区地方金融管理局.md,全国,客户经理,生效
小额贷款公司变更事项由谁审批？,地方金融组织_新疆维吾尔自治区地方金融管理局,第八条,2023-06-15,2023-07-01,第八条小额贷款公司有下列变更事项的，经所辖地州市或 兵团师市地方金融管理机构同意，依辖报自治区地方金融管理局 或兵团地方金融管理局审批。,policy_地方金融组织_新疆维吾尔自治区地方金融管理局_22_0,policy,2025-12-31T15:19:40.705995,监管政策,地方金融组织_新疆维吾尔自治区地方金融管理局.md,全国,客户经理,生效
地州市金融局能批小贷公司哪些变更？,地方金融组织_新疆维吾尔自治区地方金融管理局,第八条,2023-06-15,2023-07-01,第八条小额贷款公司有下列变更事项的，经所辖地州市或 兵团师市地方金融管理机构同意，依辖报自治区地方金融管理局 或兵团地方金融管理局审批。,policy_地方金融组织_新疆维吾尔自治区地方金融管理局_22_1,policy,2025-12-31T15:19:40.705995,监管政策,地方金融组织_新疆维吾尔自治区地方金融管理局.md,全国,客户经理,生效
小贷公司变更要报自治区金融局吗？,地方金融组织_新疆维吾尔自治区地方金融管理局,第八条,2023-06-15,2023-07-01,第八条小额贷款公司有下列变更事项的，经所辖地州市或 兵团师市地方金融管理机构同意，依辖报自治区地方金融管理局 或兵团地方金融管理局审批。,policy_地方金融组织_新疆维吾尔自治区地方金融管理局_22_2,policy,2025-12-31T15:19:40.705995,监管政策,地方金融组织_新疆维吾尔自治区地方金融管理局.md,全国,客户经理,生效
兵团师市小贷公司变更怎么走流程？,地方金融组织_新疆维吾尔自治区地方金融管理局,第八条,2023-06-15,2023-07-01,第八条小额贷款公司有下列变更事项的，经所辖地州市或 兵团师市地方金融管理机构同意，依辖报自治区地方金融管理局 或兵团地方金融管理局审批。,policy_地方金融组织_新疆维吾尔自治区地方金融管理局_22_3,policy,2025-12-31T15:19:40.705995,监管政策,地方金融组织_新疆维吾尔自治区地方金融管理局.md,全国,客户经理,生效
新疆小贷公司哪些变更需上级审批？,地方金融组织_新疆维吾尔自治区地方金融管理局,第八条,2023-06-15,2023-07-01,第八条小额贷款公司有下列变更事项的，经所辖地州市或 兵团师市地方金融管理机构同意，依辖报自治区地方金融管理局 或兵团地方金融管理局审批。,policy_地方金融组织_新疆维吾尔自治区地方金融管理局_22_4,policy,2025-12-31T15:19:40.705995,监管政策,地方金融组织_新疆维吾尔自治区地方金融管理局.md,全国,客户经理,生效
担保公司变更名称需要报批吗？,地方金融组织_新疆维吾尔自治区地方金融管理局,第一条,2023-06-15,2023-07-01,（一）变更公司名称； （二）调整业务范围； （三）变更组织形式； (四)增资扩股； （五）减少注册资本； （六）分立或合并； （七）股权或股份转让比例达到或超过10%的； （八）变更公司住所（在同一地州市、师市内迁址）。,policy_地方金融组织_新疆维吾尔自治区地方金融管理局_23_0,policy,2025-12-31T15:19:54.819255,监管政策,地方金融组织_新疆维吾尔自治区地方金融管理局.md,全国,客户经理,生效
调整担保公司业务范围要走什么程序？,地方金融组织_新疆维吾尔自治区地方金融管理局,第二条,2023-06-15,2023-07-01,（一）变更公司名称； （二）调整业务范围； （三）变更组织形式； (四)增资扩股； （五）减少注册资本； （六）分立或合并； （七）股权或股份转让比例达到或超过10%的； （八）变更公司住所（在同一地州市、师市内迁址）。,policy_地方金融组织_新疆维吾尔自治区地方金融管理局_23_1,policy,2025-12-31T15:19:54.819255,监管政策,地方金融组织_新疆维吾尔自治区地方金融管理局.md,全国,客户经理,生效
担保公司改制需要审批吗？,地方金融组织_新疆维吾尔自治区地方金融管理局,第三条,2023-06-15,2023-07-01,（一）变更公司名称； （二）调整业务范围； （三）变更组织形式； (四)增资扩股； （五）减少注册资本； （六）分立或合并； （七）股权或股份转让比例达到或超过10%的； （八）变更公司住所（在同一地州市、师市内迁址）。,policy_地方金融组织_新疆维吾尔自治区地方金融管理局_23_2,policy,2025-12-31T15:19:54.819255,监管政策,地方金融组织_新疆维吾尔自治区地方金融管理局.md,全国,客户经理,生效
融资担保公司增资扩股要报备吗？,地方金融组织_新疆维吾尔自治区地方金融管理局,第四条,2023-06-15,2023-07-01,（一）变更公司名称； （二）调整业务范围； （三）变更组织形式； (四)增资扩股； （五）减少注册资本； （六）分立或合并； （七）股权或股份转让比例达到或超过10%的； （八）变更公司住所（在同一地州市、师市内迁址）。,policy_地方金融组织_新疆维吾尔自治区地方金融管理局_23_3,policy,2025-12-31T15:19:54.819255,监管政策,地方金融组织_新疆维吾尔自治区地方金融管理局.md,全国,客户经理,生效
担保公司减资需要履行什么手续？,地方金融组织_新疆维吾尔自治区地方金融管理局,第五条,2023-06-15,2023-07-01,（一）变更公司名称； （二）调整业务范围； （三）变更组织形式； (四)增资扩股； （五）减少注册资本； （六）分立或合并； （七）股权或股份转让比例达到或超过10%的； （八）变更公司住所（在同一地州市、师市内迁址）。,policy_地方金融组织_新疆维吾尔自治区地方金融管理局_23_4,policy,2025-12-31T15:19:54.819255,监管政策,地方金融组织_新疆维吾尔自治区地方金融管理局.md,全国,客户经理,生效
担保公司分立合并要经过监管部门批准吗？,地方金融组织_新疆维吾尔自治区地方金融管理局,第六条,2023-06-15,2023-07-01,（一）变更公司名称； （二）调整业务范围； （三）变更组织形式； (四)增资扩股； （五）减少注册资本； （六）分立或合并； （七）股权或股份转让比例达到或超过10%的； （八）变更公司住所（在同一地州市、师市内迁址）。,policy_地方金融组织_新疆维吾尔自治区地方金融管理局_23_5,policy,2025-12-31T15:19:54.819255,监管政策,地方金融组织_新疆维吾尔自治区地方金融管理局.md,全国,客户经理,生效
担保公司股权转让超10%要报批吗？,地方金融组织_新疆维吾尔自治区地方金融管理局,第七条_1,2023-06-15,2023-07-01,（一）变更公司名称； （二）调整业务范围； （三）变更组织形式； (四)增资扩股； （五）减少注册资本； （六）分立或合并； （七）股权或股份转让比例达到或超过10%的； （八）变更公司住所（在同一地州市、师市内迁址）。,policy_地方金融组织_新疆维吾尔自治区地方金融管理局_23_6,policy,2025-12-31T15:19:54.819255,监管政策,地方金融组织_新疆维吾尔自治区地方金融管理局.md,全国,客户经理,生效
同一地州市内搬迁办公地址要备案吗？,地方金融组织_新疆维吾尔自治区地方金融管理局,第八条,2023-06-15,2023-07-01,（一）变更公司名称； （二）调整业务范围； （三）变更组织形式； (四)增资扩股； （五）减少注册资本； （六）分立或合并； （七）股权或股份转让比例达到或超过10%的； （八）变更公司住所（在同一地州市、师市内迁址）。,policy_地方金融组织_新疆维吾尔自治区地方金融管理局_23_7,policy,2025-12-31T15:19:54.819255,监管政策,地方金融组织_新疆维吾尔自治区地方金融管理局.md,全国,客户经理,生效
小额贷款公司变更事项找哪个部门备案？,地方金融组织_新疆维吾尔自治区地方金融管理局,第九条,2023-06-15,2023-07-01,第九条小额贷款公司有下列变更（备案）事项的，经所辖 地州市或兵团师市地方金融管理机构同意后，依辖报自治区地方 金融管理局或兵团地方金融管理局备案。 -7-,policy_地方金融组织_新疆维吾尔自治区地方金融管理局_24_0,policy,2025-12-31T15:20:03.959057,监管政策,地方金融组织_新疆维吾尔自治区地方金融管理局.md,全国,客户经理,生效
地州市金融局同意后还要报哪级备案？,地方金融组织_新疆维吾尔自治区地方金融管理局,第九条,2023-06-15,2023-07-01,第九条小额贷款公司有下列变更（备案）事项的，经所辖 地州市或兵团师市地方金融管理机构同意后，依辖报自治区地方 金融管理局或兵团地方金融管理局备案。 -7-,policy_地方金融组织_新疆维吾尔自治区地方金融管理局_24_1,policy,2025-12-31T15:20:03.959057,监管政策,地方金融组织_新疆维吾尔自治区地方金融管理局.md,全国,客户经理,生效
新疆小贷公司哪些变更要备案？,地方金融组织_新疆维吾尔自治区地方金融管理局,第九条,2023-06-15,2023-07-01,第九条小额贷款公司有下列变更（备案）事项的，经所辖 地州市或兵团师市地方金融管理机构同意后，依辖报自治区地方 金融管理局或兵团地方金融管理局备案。 -7-,policy_地方金融组织_新疆维吾尔自治区地方金融管理局_24_2,policy,2025-12-31T15:20:03.959057,监管政策,地方金融组织_新疆维吾尔自治区地方金融管理局.md,全国,客户经理,生效
兵团师市小贷公司变更找谁审批备案？,地方金融组织_新疆维吾尔自治区地方金融管理局,第九条,2023-06-15,2023-07-01,第九条小额贷款公司有下列变更（备案）事项的，经所辖 地州市或兵团师市地方金融管理机构同意后，依辖报自治区地方 金融管理局或兵团地方金融管理局备案。 -7-,policy_地方金融组织_新疆维吾尔自治区地方金融管理局_24_3,policy,2025-12-31T15:20:03.959057,监管政策,地方金融组织_新疆维吾尔自治区地方金融管理局.md,全国,客户经理,生效
自治区金融管理局负责备案哪些事项？,地方金融组织_新疆维吾尔自治区地方金融管理局,第九条,2023-06-15,2023-07-01,第九条小额贷款公司有下列变更（备案）事项的，经所辖 地州市或兵团师市地方金融管理机构同意后，依辖报自治区地方 金融管理局或兵团地方金融管理局备案。 -7-,policy_地方金融组织_新疆维吾尔自治区地方金融管理局_24_4,policy,2025-12-31T15:20:03.959057,监管政策,地方金融组织_新疆维吾尔自治区地方金融管理局.md,全国,客户经理,生效
担保公司变更法定代表人需要报备吗？,地方金融组织_新疆维吾尔自治区地方金融管理局,第二条,2023-06-15,2023-07-01,（一）修改公司章程； （二）变更法定代表人、董事、监事、分支机构负责人； （三）变更公司住所（仅限同一县级行政区域内的迁址）； （四）股份转让比例在10%以内的。,policy_地方金融组织_新疆维吾尔自治区地方金融管理局_25_0,policy,2025-12-31T15:20:13.898765,监管政策,地方金融组织_新疆维吾尔自治区地方金融管理局.md,全国,客户经理,生效
董事或监事变更是否属于备案事项？,地方金融组织_新疆维吾尔自治区地方金融管理局,第二条,2023-06-15,2023-07-01,（一）修改公司章程； （二）变更法定代表人、董事、监事、分支机构负责人； （三）变更公司住所（仅限同一县级行政区域内的迁址）； （四）股份转让比例在10%以内的。,policy_地方金融组织_新疆维吾尔自治区地方金融管理局_25_1,policy,2025-12-31T15:20:13.898765,监管政策,地方金融组织_新疆维吾尔自治区地方金融管理局.md,全国,客户经理,生效
分支机构负责人变动要走什么流程？,地方金融组织_新疆维吾尔自治区地方金融管理局,第二条,2023-06-15,2023-07-01,（一）修改公司章程； （二）变更法定代表人、董事、监事、分支机构负责人； （三）变更公司住所（仅限同一县级行政区域内的迁址）； （四）股份转让比例在10%以内的。,policy_地方金融组织_新疆维吾尔自治区地方金融管理局_25_2,policy,2025-12-31T15:20:13.898765,监管政策,地方金融组织_新疆维吾尔自治区地方金融管理局.md,全国,客户经理,生效
同一县内搬迁办公地址需要审批吗？,地方金融组织_新疆维吾尔自治区地方金融管理局,第三条,2023-06-15,2023-07-01,（一）修改公司章程； （二）变更法定代表人、董事、监事、分支机构负责人； （三）变更公司住所（仅限同一县级行政区域内的迁址）； （四）股份转让比例在10%以内的。,policy_地方金融组织_新疆维吾尔自治区地方金融管理局_25_3,policy,2025-12-31T15:20:13.898765,监管政策,地方金融组织_新疆维吾尔自治区地方金融管理局.md,全国,客户经理,生效
股份转让低于10%要履行什么手续？,地方金融组织_新疆维吾尔自治区地方金融管理局,第四条,2023-06-15,2023-07-01,（一）修改公司章程； （二）变更法定代表人、董事、监事、分支机构负责人； （三）变更公司住所（仅限同一县级行政区域内的迁址）； （四）股份转让比例在10%以内的。,policy_地方金融组织_新疆维吾尔自治区地方金融管理局_25_4,policy,2025-12-31T15:20:13.898765,监管政策,地方金融组织_新疆维吾尔自治区地方金融管理局.md,全国,客户经理,生效
修改公司章程要不要监管备案？,地方金融组织_新疆维吾尔自治区地方金融管理局,第一条,2023-06-15,2023-07-01,（一）修改公司章程； （二）变更法定代表人、董事、监事、分支机构负责人； （三）变更公司住所（仅限同一县级行政区域内的迁址）； （四）股份转让比例在10%以内的。,policy_地方金融组织_新疆维吾尔自治区地方金融管理局_25_5,policy,2025-12-31T15:20:13.898765,监管政策,地方金融组织_新疆维吾尔自治区地方金融管理局.md,全国,客户经理,生效
小额贷款公司发ABS需要满足什么评级条件？,地方金融组织_新疆维吾尔自治区地方金融管理局,第十一条,,,第十条经地方金融管理机构准予变更（备案）的事项，应 自准予变更（备案）之日起30个工作日内完成有关法定变更手 续，并依辖报自治区地方金融管理局或兵团地方金融管理局备 案。 第三章经营与风险管理 第十一条小额贷款公司发行资产证券化产品的应符合《小 额贷款公司监督管理暂行办法》（金规〔2024]26号）要求，还 应当具备监管评级连续2年为A级；不良贷款率控制在5%以内 的条件。,policy_地方金融组织_新疆维吾尔自治区地方金融管理局_26_0,policy,2025-12-31T15:20:22.514626,监管政策,地方金融组织_新疆维吾尔自治区地方金融管理局.md,全国,客户经理,生效
小贷公司发资产证券化产品不良率要控制在多少？,地方金融组织_新疆维吾尔自治区地方金融管理局,第十一条,,,第十条经地方金融管理机构准予变更（备案）的事项，应 自准予变更（备案）之日起30个工作日内完成有关法定变更手 续，并依辖报自治区地方金融管理局或兵团地方金融管理局备 案。 第三章经营与风险管理 第十一条小额贷款公司发行资产证券化产品的应符合《小 额贷款公司监督管理暂行办法》（金规〔2024]26号）要求，还 应当具备监管评级连续2年为A级；不良贷款率控制在5%以内 的条件。,policy_地方金融组织_新疆维吾尔自治区地方金融管理局_26_1,policy,2025-12-31T15:20:22.514626,监管政策,地方金融组织_新疆维吾尔自治区地方金融管理局.md,全国,客户经理,生效
变更备案后多久要完成工商变更并上报？,地方金融组织_新疆维吾尔自治区地方金融管理局,第十条,,,第十条经地方金融管理机构准予变更（备案）的事项，应 自准予变更（备案）之日起30个工作日内完成有关法定变更手 续，并依辖报自治区地方金融管理局或兵团地方金融管理局备 案。 第三章经营与风险管理 第十一条小额贷款公司发行资产证券化产品的应符合《小 额贷款公司监督管理暂行办法》（金规〔2024]26号）要求，还 应当具备监管评级连续2年为A级；不良贷款率控制在5%以内 的条件。,policy_地方金融组织_新疆维吾尔自治区地方金融管理局_26_2,policy,2025-12-31T15:20:22.514626,监管政策,地方金融组织_新疆维吾尔自治区地方金融管理局.md,全国,客户经理,生效
小贷公司发ABS监管评级要连续几年A级？,地方金融组织_新疆维吾尔自治区地方金融管理局,第十一条,,,第十条经地方金融管理机构准予变更（备案）的事项，应 自准予变更（备案）之日起30个工作日内完成有关法定变更手 续，并依辖报自治区地方金融管理局或兵团地方金融管理局备 案。 第三章经营与风险管理 第十一条小额贷款公司发行资产证券化产品的应符合《小 额贷款公司监督管理暂行办法》（金规〔2024]26号）要求，还 应当具备监管评级连续2年为A级；不良贷款率控制在5%以内 的条件。,policy_地方金融组织_新疆维吾尔自治区地方金融管理局_26_3,policy,2025-12-31T15:20:22.514626,监管政策,地方金融组织_新疆维吾尔自治区地方金融管理局.md,全国,客户经理,生效
新疆小贷公司变更备案后需向哪个部门报备？,地方金融组织_新疆维吾尔自治区地方金融管理局,第十条,,,第十条经地方金融管理机构准予变更（备案）的事项，应 自准予变更（备案）之日起30个工作日内完成有关法定变更手 续，并依辖报自治区地方金融管理局或兵团地方金融管理局备 案。 第三章经营与风险管理 第十一条小额贷款公司发行资产证券化产品的应符合《小 额贷款公司监督管理暂行办法》（金规〔2024]26号）要求，还 应当具备监管评级连续2年为A级；不良贷款率控制在5%以内 的条件。,policy_地方金融组织_新疆维吾尔自治区地方金融管理局_26_4,policy,2025-12-31T15:20:22.514626,监管政策,地方金融组织_新疆维吾尔自治区地方金融管理局.md,全国,客户经理,生效
新疆小贷公司跨地州经营需要什么条件？,地方金融组织_新疆维吾尔自治区地方金融管理局,第十二条,2023-06-15,2023-07-01,第十二条以借款人银行账户、企业登记、主要生产经营活 动区域等为界定依据，小额贷款公司必须在批准的区域范围内开 展业务，未经自治区地方金融管理局或兵团地方金融管理局批准 不得跨地州市或师市区域开展业务。依辖经自治区地方金融管理 局或兵团地方金融管理局同意，小额贷款公司监管评价优良，注 册资本金在2亿元以上的，可以在其地州市或师市范围经营；注 册资本金在 3亿元以上的，可以在全自治区或兵团范围经营。,policy_地方金融组织_新疆维吾尔自治区地方金融管理局_27_0,policy,2025-12-31T15:20:31.980652,监管政策,地方金融组织_新疆维吾尔自治区地方金融管理局.md,全国,客户经理,生效
注册资本3亿以上小贷公司在新疆能全省展业吗？,地方金融组织_新疆维吾尔自治区地方金融管理局,第十二条,2023-06-15,2023-07-01,第十二条以借款人银行账户、企业登记、主要生产经营活 动区域等为界定依据，小额贷款公司必须在批准的区域范围内开 展业务，未经自治区地方金融管理局或兵团地方金融管理局批准 不得跨地州市或师市区域开展业务。依辖经自治区地方金融管理 局或兵团地方金融管理局同意，小额贷款公司监管评价优良，注 册资本金在2亿元以上的，可以在其地州市或师市范围经营；注 册资本金在 3亿元以上的，可以在全自治区或兵团范围经营。,policy_地方金融组织_新疆维吾尔自治区地方金融管理局_27_1,policy,2025-12-31T15:20:31.980652,监管政策,地方金融组织_新疆维吾尔自治区地方金融管理局.md,全国,客户经理,生效
新疆小贷公司地市内经营需要哪些审批？,地方金融组织_新疆维吾尔自治区地方金融管理局,第十二条,2023-06-15,2023-07-01,第十二条以借款人银行账户、企业登记、主要生产经营活 动区域等为界定依据，小额贷款公司必须在批准的区域范围内开 展业务，未经自治区地方金融管理局或兵团地方金融管理局批准 不得跨地州市或师市区域开展业务。依辖经自治区地方金融管理 局或兵团地方金融管理局同意，小额贷款公司监管评价优良，注 册资本金在2亿元以上的，可以在其地州市或师市范围经营；注 册资本金在 3亿元以上的，可以在全自治区或兵团范围经营。,policy_地方金融组织_新疆维吾尔自治区地方金融管理局_27_2,policy,2025-12-31T15:20:31.980652,监管政策,地方金融组织_新疆维吾尔自治区地方金融管理局.md,全国,客户经理,生效
新疆小贷公司监管评价优良有什么好处？,地方金融组织_新疆维吾尔自治区地方金融管理局,第十二条,2023-06-15,2023-07-01,第十二条以借款人银行账户、企业登记、主要生产经营活 动区域等为界定依据，小额贷款公司必须在批准的区域范围内开 展业务，未经自治区地方金融管理局或兵团地方金融管理局批准 不得跨地州市或师市区域开展业务。依辖经自治区地方金融管理 局或兵团地方金融管理局同意，小额贷款公司监管评价优良，注 册资本金在2亿元以上的，可以在其地州市或师市范围经营；注 册资本金在 3亿元以上的，可以在全自治区或兵团范围经营。,policy_地方金融组织_新疆维吾尔自治区地方金融管理局_27_3,policy,2025-12-31T15:20:31.980652,监管政策,地方金融组织_新疆维吾尔自治区地方金融管理局.md,全国,客户经理,生效
新疆注册资本2亿以上小贷公司能在哪里展业？,地方金融组织_新疆维吾尔自治区地方金融管理局,第十二条,2023-06-15,2023-07-01,第十二条以借款人银行账户、企业登记、主要生产经营活 动区域等为界定依据，小额贷款公司必须在批准的区域范围内开 展业务，未经自治区地方金融管理局或兵团地方金融管理局批准 不得跨地州市或师市区域开展业务。依辖经自治区地方金融管理 局或兵团地方金融管理局同意，小额贷款公司监管评价优良，注 册资本金在2亿元以上的，可以在其地州市或师市范围经营；注 册资本金在 3亿元以上的，可以在全自治区或兵团范围经营。,policy_地方金融组织_新疆维吾尔自治区地方金融管理局_27_4,policy,2025-12-31T15:20:31.980652,监管政策,地方金融组织_新疆维吾尔自治区地方金融管理局.md,全国,客户经理,生效
小贷公司股东股份能不能质押？有什么限制？,地方金融组织_新疆维吾尔自治区地方金融管理局,第十三条,,,第十三条法定代表人、董事、高级管理人员持有的股份， 在任职期间不得转让。除因小额贷款公司自身外部融资向第三方 提供质押或反担保质押外，股东持有的小额贷款公司股份不得质 押。 -8-,policy_地方金融组织_新疆维吾尔自治区地方金融管理局_28_0,policy,2025-12-31T15:20:38.769461,监管政策,地方金融组织_新疆维吾尔自治区地方金融管理局.md,全国,客户经理,生效
小贷公司高管任职期间股份可以转让吗？,地方金融组织_新疆维吾尔自治区地方金融管理局,第十三条,,,第十三条法定代表人、董事、高级管理人员持有的股份， 在任职期间不得转让。除因小额贷款公司自身外部融资向第三方 提供质押或反担保质押外，股东持有的小额贷款公司股份不得质 押。 -8-,policy_地方金融组织_新疆维吾尔自治区地方金融管理局_28_1,policy,2025-12-31T15:20:38.769461,监管政策,地方金融组织_新疆维吾尔自治区地方金融管理局.md,全国,客户经理,生效
小贷公司股东质押股份允许用于哪些情况？,地方金融组织_新疆维吾尔自治区地方金融管理局,第十三条,,,第十三条法定代表人、董事、高级管理人员持有的股份， 在任职期间不得转让。除因小额贷款公司自身外部融资向第三方 提供质押或反担保质押外，股东持有的小额贷款公司股份不得质 押。 -8-,policy_地方金融组织_新疆维吾尔自治区地方金融管理局_28_2,policy,2025-12-31T15:20:38.769461,监管政策,地方金融组织_新疆维吾尔自治区地方金融管理局.md,全国,客户经理,生效
小贷公司外部融资时股东质押股份合规吗？,地方金融组织_新疆维吾尔自治区地方金融管理局,第十三条,,,第十三条法定代表人、董事、高级管理人员持有的股份， 在任职期间不得转让。除因小额贷款公司自身外部融资向第三方 提供质押或反担保质押外，股东持有的小额贷款公司股份不得质 押。 -8-,policy_地方金融组织_新疆维吾尔自治区地方金融管理局_28_3,policy,2025-12-31T15:20:38.769461,监管政策,地方金融组织_新疆维吾尔自治区地方金融管理局.md,全国,客户经理,生效
小贷公司董事持股在任内能做股权转让吗？,地方金融组织_新疆维吾尔自治区地方金融管理局,第十三条,,,第十三条法定代表人、董事、高级管理人员持有的股份， 在任职期间不得转让。除因小额贷款公司自身外部融资向第三方 提供质押或反担保质押外，股东持有的小额贷款公司股份不得质 押。 -8-,policy_地方金融组织_新疆维吾尔自治区地方金融管理局_28_4,policy,2025-12-31T15:20:38.769461,监管政策,地方金融组织_新疆维吾尔自治区地方金融管理局.md,全国,客户经理,生效
小额贷款公司财务会计制度要按什么要求建？,地方金融组织_新疆维吾尔自治区地方金融管理局,第十四条,,,第十四条小额贷款公司应当按照国家有关规定建立健全企 业财务会计制度，真实记录和全面反映业务活动及财务活动。,policy_地方金融组织_新疆维吾尔自治区地方金融管理局_29_0,policy,2025-12-31T15:20:42.209954,监管政策,地方金融组织_新疆维吾尔自治区地方金融管理局.md,全国,客户经理,生效
小贷公司记账要真实全面反映哪些内容？,地方金融组织_新疆维吾尔自治区地方金融管理局,第十四条,,,第十四条小额贷款公司应当按照国家有关规定建立健全企 业财务会计制度，真实记录和全面反映业务活动及财务活动。,policy_地方金融组织_新疆维吾尔自治区地方金融管理局_29_1,policy,2025-12-31T15:20:42.209954,监管政策,地方金融组织_新疆维吾尔自治区地方金融管理局.md,全国,客户经理,生效
小额贷款公司档案管理需要保管哪些资料？,地方金融组织_新疆维吾尔自治区地方金融管理局,第十五条,,,第十五条小额贷款公司应当建立健全档案管理制度。妥善 保管业务档案、业务台账、原始凭证以及会计账簿等有关资料， 应当对各类业务数据进行灾备处理。,policy_地方金融组织_新疆维吾尔自治区地方金融管理局_30_0,policy,2025-12-31T15:20:46.565320,监管政策,地方金融组织_新疆维吾尔自治区地方金融管理局.md,全国,客户经理,生效
小额贷款公司业务数据要做什么处理？,地方金融组织_新疆维吾尔自治区地方金融管理局,第十五条,,,第十五条小额贷款公司应当建立健全档案管理制度。妥善 保管业务档案、业务台账、原始凭证以及会计账簿等有关资料， 应当对各类业务数据进行灾备处理。,policy_地方金融组织_新疆维吾尔自治区地方金融管理局_30_1,policy,2025-12-31T15:20:46.565320,监管政策,地方金融组织_新疆维吾尔自治区地方金融管理局.md,全国,客户经理,生效
小额贷款公司是否需要做数据灾备？,地方金融组织_新疆维吾尔自治区地方金融管理局,第十五条,,,第十五条小额贷款公司应当建立健全档案管理制度。妥善 保管业务档案、业务台账、原始凭证以及会计账簿等有关资料， 应当对各类业务数据进行灾备处理。,policy_地方金融组织_新疆维吾尔自治区地方金融管理局_30_2,policy,2025-12-31T15:20:46.565320,监管政策,地方金融组织_新疆维吾尔自治区地方金融管理局.md,全国,客户经理,生效
小额贷款公司需要建立什么制度来规范信息透明？,地方金融组织_新疆维吾尔自治区地方金融管理局,第十六条,2023-06-15,2023-07-01,第十六条 小额贷款公司应建立健全信息披露制度。,policy_地方金融组织_新疆维吾尔自治区地方金融管理局_31_0,policy,2025-12-31T15:20:48.950221,监管政策,地方金融组织_新疆维吾尔自治区地方金融管理局.md,全国,客户经理,生效
小额贷款公司要在店里挂哪些公示牌？,地方金融组织_新疆维吾尔自治区地方金融管理局,第一条,2023-06-15,2023-07-01,（一）小额贷款应当在经营场所内醒目位置悬挂小额贷款公 司经营资质证明文件、营业执照、属地地方金融管理机构监督电 话以及严格遵守《公司法》、诚实守信、不参与非法集资、不吸 收公众存款、不违规经营等公开承诺标示牌。,policy_地方金融组织_新疆维吾尔自治区地方金融管理局_32_0,policy,2025-12-31T15:20:57.228533,监管政策,地方金融组织_新疆维吾尔自治区地方金融管理局.md,全国,客户经理,生效
小贷公司经营场所必须公示什么文件？,地方金融组织_新疆维吾尔自治区地方金融管理局,第一条,2023-06-15,2023-07-01,（一）小额贷款应当在经营场所内醒目位置悬挂小额贷款公 司经营资质证明文件、营业执照、属地地方金融管理机构监督电 话以及严格遵守《公司法》、诚实守信、不参与非法集资、不吸 收公众存款、不违规经营等公开承诺标示牌。,policy_地方金融组织_新疆维吾尔自治区地方金融管理局_32_1,policy,2025-12-31T15:20:57.228533,监管政策,地方金融组织_新疆维吾尔自治区地方金融管理局.md,全国,客户经理,生效
小贷公司要公开承诺不参与哪些行为？,地方金融组织_新疆维吾尔自治区地方金融管理局,第一条,2023-06-15,2023-07-01,（一）小额贷款应当在经营场所内醒目位置悬挂小额贷款公 司经营资质证明文件、营业执照、属地地方金融管理机构监督电 话以及严格遵守《公司法》、诚实守信、不参与非法集资、不吸 收公众存款、不违规经营等公开承诺标示牌。,policy_地方金融组织_新疆维吾尔自治区地方金融管理局_32_2,policy,2025-12-31T15:20:57.228533,监管政策,地方金融组织_新疆维吾尔自治区地方金融管理局.md,全国,客户经理,生效
新疆小贷公司需不需要挂监管电话？,地方金融组织_新疆维吾尔自治区地方金融管理局,第一条,2023-06-15,2023-07-01,（一）小额贷款应当在经营场所内醒目位置悬挂小额贷款公 司经营资质证明文件、营业执照、属地地方金融管理机构监督电 话以及严格遵守《公司法》、诚实守信、不参与非法集资、不吸 收公众存款、不违规经营等公开承诺标示牌。,policy_地方金融组织_新疆维吾尔自治区地方金融管理局_32_3,policy,2025-12-31T15:20:57.228533,监管政策,地方金融组织_新疆维吾尔自治区地方金融管理局.md,全国,客户经理,生效
小贷公司要悬挂哪些资质证明？,地方金融组织_新疆维吾尔自治区地方金融管理局,第一条,2023-06-15,2023-07-01,（一）小额贷款应当在经营场所内醒目位置悬挂小额贷款公 司经营资质证明文件、营业执照、属地地方金融管理机构监督电 话以及严格遵守《公司法》、诚实守信、不参与非法集资、不吸 收公众存款、不违规经营等公开承诺标示牌。,policy_地方金融组织_新疆维吾尔自治区地方金融管理局_32_4,policy,2025-12-31T15:20:57.228533,监管政策,地方金融组织_新疆维吾尔自治区地方金融管理局.md,全国,客户经理,生效
小额贷款公司贷款年化利率怎么明示？,地方金融组织_新疆维吾尔自治区地方金融管理局,第二条,2023-06-15,2023-07-01,（二）小额贷款公司应当充分履行告知义务，按照中国人民 银行利率管理相关要求明示贷款年化利率，使借款人明确了解贷 款金额、期限、利率、还款方式等内容。,policy_地方金融组织_新疆维吾尔自治区地方金融管理局_33_0,policy,2025-12-31T15:21:02.104523,监管政策,地方金融组织_新疆维吾尔自治区地方金融管理局.md,全国,客户经理,生效
小贷公司要告知借款人哪些贷款信息？,地方金融组织_新疆维吾尔自治区地方金融管理局,第二条,2023-06-15,2023-07-01,（二）小额贷款公司应当充分履行告知义务，按照中国人民 银行利率管理相关要求明示贷款年化利率，使借款人明确了解贷 款金额、期限、利率、还款方式等内容。,policy_地方金融组织_新疆维吾尔自治区地方金融管理局_33_1,policy,2025-12-31T15:21:02.104523,监管政策,地方金融组织_新疆维吾尔自治区地方金融管理局.md,全国,客户经理,生效
小贷公司按哪个规定明示年化利率？,地方金融组织_新疆维吾尔自治区地方金融管理局,第二条,2023-06-15,2023-07-01,（二）小额贷款公司应当充分履行告知义务，按照中国人民 银行利率管理相关要求明示贷款年化利率，使借款人明确了解贷 款金额、期限、利率、还款方式等内容。,policy_地方金融组织_新疆维吾尔自治区地方金融管理局_33_2,policy,2025-12-31T15:21:02.104523,监管政策,地方金融组织_新疆维吾尔自治区地方金融管理局.md,全国,客户经理,生效
小额贷款公司关联交易披露要求有哪些？,地方金融组织_新疆维吾尔自治区地方金融管理局,第三条,2023-08-15,2023-09-01,（三）小额贷款公司应当加强关联交易披露，在会计报表附 注中披露关联方及关联交易等信息，重大关联交易应当逐笔披 露，其他关联交易可以合并披露。,policy_地方金融组织_新疆维吾尔自治区地方金融管理局_34_0,policy,2025-12-31T15:21:09.145209,监管政策,地方金融组织_新疆维吾尔自治区地方金融管理局.md,全国,客户经理,生效
小贷公司重大关联交易需要怎么披露？,地方金融组织_新疆维吾尔自治区地方金融管理局,第三条_1,2023-08-15,2023-09-01,（三）小额贷款公司应当加强关联交易披露，在会计报表附 注中披露关联方及关联交易等信息，重大关联交易应当逐笔披 露，其他关联交易可以合并披露。,policy_地方金融组织_新疆维吾尔自治区地方金融管理局_34_1,policy,2025-12-31T15:21:09.145209,监管政策,地方金融组织_新疆维吾尔自治区地方金融管理局.md,全国,客户经理,生效
小贷公司其他关联交易可以合并披露吗？,地方金融组织_新疆维吾尔自治区地方金融管理局,第三条_2,2023-08-15,2023-09-01,（三）小额贷款公司应当加强关联交易披露，在会计报表附 注中披露关联方及关联交易等信息，重大关联交易应当逐笔披 露，其他关联交易可以合并披露。,policy_地方金融组织_新疆维吾尔自治区地方金融管理局_34_2,policy,2025-12-31T15:21:09.145209,监管政策,地方金融组织_新疆维吾尔自治区地方金融管理局.md,全国,客户经理,生效
小贷公司关联方信息在哪披露？,地方金融组织_新疆维吾尔自治区地方金融管理局,第三条,2023-08-15,2023-09-01,（三）小额贷款公司应当加强关联交易披露，在会计报表附 注中披露关联方及关联交易等信息，重大关联交易应当逐笔披 露，其他关联交易可以合并披露。,policy_地方金融组织_新疆维吾尔自治区地方金融管理局_34_3,policy,2025-12-31T15:21:09.145209,监管政策,地方金融组织_新疆维吾尔自治区地方金融管理局.md,全国,客户经理,生效
小额贷款公司要向谁披露重大事项信息？,地方金融组织_新疆维吾尔自治区地方金融管理局,第四条,2023-06-15,2023-07-01,（四）小额贷款公司应当按规定向地州市或兵团师市地方金 融管理机构披露其他重大事项等信息。,policy_地方金融组织_新疆维吾尔自治区地方金融管理局_35_0,policy,2025-12-31T15:21:11.468986,监管政策,地方金融组织_新疆维吾尔自治区地方金融管理局.md,全国,客户经理,生效
小贷公司对股东贷款最多能放多少？,地方金融组织_新疆维吾尔自治区地方金融管理局,第十七条,2023-08-15,2023-09-01,第十七条小额贷款公司对其股东及股东关联方的贷款余额 不得超过该股东入股金额的50%。,policy_地方金融组织_新疆维吾尔自治区地方金融管理局_36_0,policy,2025-12-31T15:21:17.884832,监管政策,地方金融组织_新疆维吾尔自治区地方金融管理局.md,全国,客户经理,生效
小贷公司股东关联方贷款限额怎么算？,地方金融组织_新疆维吾尔自治区地方金融管理局,第十七条,2023-08-15,2023-09-01,第十七条小额贷款公司对其股东及股东关联方的贷款余额 不得超过该股东入股金额的50%。,policy_地方金融组织_新疆维吾尔自治区地方金融管理局_36_1,policy,2025-12-31T15:21:17.884832,监管政策,地方金融组织_新疆维吾尔自治区地方金融管理局.md,全国,客户经理,生效
小贷公司给股东贷款不能超过入股金额的多少？,地方金融组织_新疆维吾尔自治区地方金融管理局,第十七条,2023-08-15,2023-09-01,第十七条小额贷款公司对其股东及股东关联方的贷款余额 不得超过该股东入股金额的50%。,policy_地方金融组织_新疆维吾尔自治区地方金融管理局_36_2,policy,2025-12-31T15:21:17.884832,监管政策,地方金融组织_新疆维吾尔自治区地方金融管理局.md,全国,客户经理,生效
小额贷款公司信贷业务要建立哪些基本制度？,地方金融组织_新疆维吾尔自治区地方金融管理局,第十八条,2023-06-15,2023-07-01,第十八条小额贷款公司应该按照审慎稳健经营原则制定符 合本公司信贷业务特点的经营规则和制度，主要包括以下方面： （一）建立贷款“三查”制度。包括贷前调查、贷时审查、 贷后检查等内容。 -9-,policy_地方金融组织_新疆维吾尔自治区地方金融管理局_37_0,policy,2025-12-31T15:21:22.449956,监管政策,地方金融组织_新疆维吾尔自治区地方金融管理局.md,全国,客户经理,生效
小贷公司贷款三查制度具体包括哪些内容？,地方金融组织_新疆维吾尔自治区地方金融管理局,第十八条_1,2023-06-15,2023-07-01,第十八条小额贷款公司应该按照审慎稳健经营原则制定符 合本公司信贷业务特点的经营规则和制度，主要包括以下方面： （一）建立贷款“三查”制度。包括贷前调查、贷时审查、 贷后检查等内容。 -9-,policy_地方金融组织_新疆维吾尔自治区地方金融管理局_37_1,policy,2025-12-31T15:21:22.449956,监管政策,地方金融组织_新疆维吾尔自治区地方金融管理局.md,全国,客户经理,生效
审贷分离制度要求哪些岗位职责分开？,地方金融组织_新疆维吾尔自治区地方金融管理局,第二条,2023-06-15,2023-07-01,（二）建立审贷分离制度。将贷款的调查、审查、批准职责 和权限分别划归不同人员和部门负责执行，确保贷款管理的各个 环节和岗位相互制约。,policy_地方金融组织_新疆维吾尔自治区地方金融管理局_38_0,policy,2025-12-31T15:21:26.191284,监管政策,地方金融组织_新疆维吾尔自治区地方金融管理局.md,全国,客户经理,生效
统一授信范围具体包括哪些内容？,地方金融组织_新疆维吾尔自治区地方金融管理局,第三条_3,2023-09-15,2023-10-01,（三）制定统一授信规则。包括统一授信范围、基本要素、 信贷准入条件、客户综合评价、最高授信额度等。,policy_地方金融组织_新疆维吾尔自治区地方金融管理局_39_0,policy,2025-12-31T15:21:34.782436,监管政策,地方金融组织_新疆维吾尔自治区地方金融管理局.md,全国,客户经理,生效
统一授信的基本要素有哪些？,地方金融组织_新疆维吾尔自治区地方金融管理局,第三条_3,2023-09-15,2023-10-01,（三）制定统一授信规则。包括统一授信范围、基本要素、 信贷准入条件、客户综合评价、最高授信额度等。,policy_地方金融组织_新疆维吾尔自治区地方金融管理局_39_1,policy,2025-12-31T15:21:34.782436,监管政策,地方金融组织_新疆维吾尔自治区地方金融管理局.md,全国,客户经理,生效
信贷准入条件在统一授信中怎么定？,地方金融组织_新疆维吾尔自治区地方金融管理局,第三条_3,2023-09-15,2023-10-01,（三）制定统一授信规则。包括统一授信范围、基本要素、 信贷准入条件、客户综合评价、最高授信额度等。,policy_地方金融组织_新疆维吾尔自治区地方金融管理局_39_2,policy,2025-12-31T15:21:34.782436,监管政策,地方金融组织_新疆维吾尔自治区地方金融管理局.md,全国,客户经理,生效
客户综合评价怎么纳入统一授信？,地方金融组织_新疆维吾尔自治区地方金融管理局,第三条_3,2023-09-15,2023-10-01,（三）制定统一授信规则。包括统一授信范围、基本要素、 信贷准入条件、客户综合评价、最高授信额度等。,policy_地方金融组织_新疆维吾尔自治区地方金融管理局_39_3,policy,2025-12-31T15:21:34.782436,监管政策,地方金融组织_新疆维吾尔自治区地方金融管理局.md,全国,客户经理,生效
最高授信额度如何确定和管理？,地方金融组织_新疆维吾尔自治区地方金融管理局,第三条_3,2023-09-15,2023-10-01,（三）制定统一授信规则。包括统一授信范围、基本要素、 信贷准入条件、客户综合评价、最高授信额度等。,policy_地方金融组织_新疆维吾尔自治区地方金融管理局_39_4,policy,2025-12-31T15:21:34.782436,监管政策,地方金融组织_新疆维吾尔自治区地方金融管理局.md,全国,客户经理,生效
信用贷款和担保贷款的准入标准有哪些？,地方金融组织_新疆维吾尔自治区地方金融管理局,第四条_1,2023-09-15,2023-10-01,（四）制定贷款保障规则。包括信用贷款和担保贷款的准入 标准，贷款保障的内容、保证人的偿还能力、抵（质）押物的权 属和价值以及实现抵（质）押权的可行性，贷款保障的评估和审 查标准等。,policy_地方金融组织_新疆维吾尔自治区地方金融管理局_40_0,policy,2025-12-31T15:21:45.415249,监管政策,地方金融组织_新疆维吾尔自治区地方金融管理局.md,全国,客户经理,生效
贷款保障内容具体包括哪些方面？,地方金融组织_新疆维吾尔自治区地方金融管理局,第四条_2,2023-09-15,2023-10-01,（四）制定贷款保障规则。包括信用贷款和担保贷款的准入 标准，贷款保障的内容、保证人的偿还能力、抵（质）押物的权 属和价值以及实现抵（质）押权的可行性，贷款保障的评估和审 查标准等。,policy_地方金融组织_新疆维吾尔自治区地方金融管理局_40_1,policy,2025-12-31T15:21:45.415249,监管政策,地方金融组织_新疆维吾尔自治区地方金融管理局.md,全国,客户经理,生效
评估保证人偿还能力看哪些指标？,地方金融组织_新疆维吾尔自治区地方金融管理局,第四条_3,2023-09-15,2023-10-01,（四）制定贷款保障规则。包括信用贷款和担保贷款的准入 标准，贷款保障的内容、保证人的偿还能力、抵（质）押物的权 属和价值以及实现抵（质）押权的可行性，贷款保障的评估和审 查标准等。,policy_地方金融组织_新疆维吾尔自治区地方金融管理局_40_2,policy,2025-12-31T15:21:45.415249,监管政策,地方金融组织_新疆维吾尔自治区地方金融管理局.md,全国,客户经理,生效
抵押物权属审查主要查什么？,地方金融组织_新疆维吾尔自治区地方金融管理局,第四条_4,2023-09-15,2023-10-01,（四）制定贷款保障规则。包括信用贷款和担保贷款的准入 标准，贷款保障的内容、保证人的偿还能力、抵（质）押物的权 属和价值以及实现抵（质）押权的可行性，贷款保障的评估和审 查标准等。,policy_地方金融组织_新疆维吾尔自治区地方金融管理局_40_3,policy,2025-12-31T15:21:45.415249,监管政策,地方金融组织_新疆维吾尔自治区地方金融管理局.md,全国,客户经理,生效
质押物价值评估有什么要求？,地方金融组织_新疆维吾尔自治区地方金融管理局,第四条_5,2023-09-15,2023-10-01,（四）制定贷款保障规则。包括信用贷款和担保贷款的准入 标准，贷款保障的内容、保证人的偿还能力、抵（质）押物的权 属和价值以及实现抵（质）押权的可行性，贷款保障的评估和审 查标准等。,policy_地方金融组织_新疆维吾尔自治区地方金融管理局_40_4,policy,2025-12-31T15:21:45.415249,监管政策,地方金融组织_新疆维吾尔自治区地方金融管理局.md,全国,客户经理,生效
实现抵押权的可行性怎么判断？,地方金融组织_新疆维吾尔自治区地方金融管理局,第四条_6,2023-09-15,2023-10-01,（四）制定贷款保障规则。包括信用贷款和担保贷款的准入 标准，贷款保障的内容、保证人的偿还能力、抵（质）押物的权 属和价值以及实现抵（质）押权的可行性，贷款保障的评估和审 查标准等。,policy_地方金融组织_新疆维吾尔自治区地方金融管理局_40_5,policy,2025-12-31T15:21:45.415249,监管政策,地方金融组织_新疆维吾尔自治区地方金融管理局.md,全国,客户经理,生效
贷款保障评估有哪些审查标准？,地方金融组织_新疆维吾尔自治区地方金融管理局,第四条_7,2023-09-15,2023-10-01,（四）制定贷款保障规则。包括信用贷款和担保贷款的准入 标准，贷款保障的内容、保证人的偿还能力、抵（质）押物的权 属和价值以及实现抵（质）押权的可行性，贷款保障的评估和审 查标准等。,policy_地方金融组织_新疆维吾尔自治区地方金融管理局_40_6,policy,2025-12-31T15:21:45.415249,监管政策,地方金融组织_新疆维吾尔自治区地方金融管理局.md,全国,客户经理,生效
逾期超过90天的贷款必须划为不良吗？,地方金融组织_新疆维吾尔自治区地方金融管理局,第五条,2023-11-15,2024-01-01,（五）建立贷款风险分类制度。准确进行资产分类，贷款风 险分类应当划分为正常、关注、次级、可疑和损失五类，后三类 合称不良贷款，逾期超过九十天的贷款应当划分为不良贷款。应 及时足额计提贷款损失准备等各种准备金，提高抵御风险能力。 资产损失准备充足率不得低于100%。小额贷款公司在经营过程 中不良贷款率超过10%，或可疑类和损失类贷款余额超过贷款余 额的5%，须尽快召开董事会或经执行董事研究处置。,policy_地方金融组织_新疆维吾尔自治区地方金融管理局_41_0,policy,2025-12-31T15:21:57.731235,监管政策,地方金融组织_新疆维吾尔自治区地方金融管理局.md,全国,客户经理,生效
贷款风险分类有哪五类？后三类是什么？,地方金融组织_新疆维吾尔自治区地方金融管理局,第五条,2023-11-15,2024-01-01,（五）建立贷款风险分类制度。准确进行资产分类，贷款风 险分类应当划分为正常、关注、次级、可疑和损失五类，后三类 合称不良贷款，逾期超过九十天的贷款应当划分为不良贷款。应 及时足额计提贷款损失准备等各种准备金，提高抵御风险能力。 资产损失准备充足率不得低于100%。小额贷款公司在经营过程 中不良贷款率超过10%，或可疑类和损失类贷款余额超过贷款余 额的5%，须尽快召开董事会或经执行董事研究处置。,policy_地方金融组织_新疆维吾尔自治区地方金融管理局_41_1,policy,2025-12-31T15:21:57.731235,监管政策,地方金融组织_新疆维吾尔自治区地方金融管理局.md,全国,客户经理,生效
不良贷款包括哪几类？具体怎么划分？,地方金融组织_新疆维吾尔自治区地方金融管理局,第五条,2023-11-15,2024-01-01,（五）建立贷款风险分类制度。准确进行资产分类，贷款风 险分类应当划分为正常、关注、次级、可疑和损失五类，后三类 合称不良贷款，逾期超过九十天的贷款应当划分为不良贷款。应 及时足额计提贷款损失准备等各种准备金，提高抵御风险能力。 资产损失准备充足率不得低于100%。小额贷款公司在经营过程 中不良贷款率超过10%，或可疑类和损失类贷款余额超过贷款余 额的5%，须尽快召开董事会或经执行董事研究处置。,policy_地方金融组织_新疆维吾尔自治区地方金融管理局_41_2,policy,2025-12-31T15:21:57.731235,监管政策,地方金融组织_新疆维吾尔自治区地方金融管理局.md,全国,客户经理,生效
资产损失准备充足率最低不能低于多少？,地方金融组织_新疆维吾尔自治区地方金融管理局,第五条,2023-11-15,2024-01-01,（五）建立贷款风险分类制度。准确进行资产分类，贷款风 险分类应当划分为正常、关注、次级、可疑和损失五类，后三类 合称不良贷款，逾期超过九十天的贷款应当划分为不良贷款。应 及时足额计提贷款损失准备等各种准备金，提高抵御风险能力。 资产损失准备充足率不得低于100%。小额贷款公司在经营过程 中不良贷款率超过10%，或可疑类和损失类贷款余额超过贷款余 额的5%，须尽快召开董事会或经执行董事研究处置。,policy_地方金融组织_新疆维吾尔自治区地方金融管理局_41_3,policy,2025-12-31T15:21:57.731235,监管政策,地方金融组织_新疆维吾尔自治区地方金融管理局.md,全国,客户经理,生效
小额贷款公司不良贷款率超10%要怎么办？,地方金融组织_新疆维吾尔自治区地方金融管理局,第五条,2023-11-15,2024-01-01,（五）建立贷款风险分类制度。准确进行资产分类，贷款风 险分类应当划分为正常、关注、次级、可疑和损失五类，后三类 合称不良贷款，逾期超过九十天的贷款应当划分为不良贷款。应 及时足额计提贷款损失准备等各种准备金，提高抵御风险能力。 资产损失准备充足率不得低于100%。小额贷款公司在经营过程 中不良贷款率超过10%，或可疑类和损失类贷款余额超过贷款余 额的5%，须尽快召开董事会或经执行董事研究处置。,policy_地方金融组织_新疆维吾尔自治区地方金融管理局_41_4,policy,2025-12-31T15:21:57.731235,监管政策,地方金融组织_新疆维吾尔自治区地方金融管理局.md,全国,客户经理,生效
可疑类和损失类贷款超5%要走什么流程？,地方金融组织_新疆维吾尔自治区地方金融管理局,第五条,2023-11-15,2024-01-01,（五）建立贷款风险分类制度。准确进行资产分类，贷款风 险分类应当划分为正常、关注、次级、可疑和损失五类，后三类 合称不良贷款，逾期超过九十天的贷款应当划分为不良贷款。应 及时足额计提贷款损失准备等各种准备金，提高抵御风险能力。 资产损失准备充足率不得低于100%。小额贷款公司在经营过程 中不良贷款率超过10%，或可疑类和损失类贷款余额超过贷款余 额的5%，须尽快召开董事会或经执行董事研究处置。,policy_地方金融组织_新疆维吾尔自治区地方金融管理局_41_5,policy,2025-12-31T15:21:57.731235,监管政策,地方金融组织_新疆维吾尔自治区地方金融管理局.md,全国,客户经理,生效
贷款损失准备要计提到什么标准？,地方金融组织_新疆维吾尔自治区地方金融管理局,第五条,2023-11-15,2024-01-01,（五）建立贷款风险分类制度。准确进行资产分类，贷款风 险分类应当划分为正常、关注、次级、可疑和损失五类，后三类 合称不良贷款，逾期超过九十天的贷款应当划分为不良贷款。应 及时足额计提贷款损失准备等各种准备金，提高抵御风险能力。 资产损失准备充足率不得低于100%。小额贷款公司在经营过程 中不良贷款率超过10%，或可疑类和损失类贷款余额超过贷款余 额的5%，须尽快召开董事会或经执行董事研究处置。,policy_地方金融组织_新疆维吾尔自治区地方金融管理局_41_6,policy,2025-12-31T15:21:57.731235,监管政策,地方金融组织_新疆维吾尔自治区地方金融管理局.md,全国,客户经理,生效
小额贷款公司最多能在银行开几个放贷专户？,地方金融组织_新疆维吾尔自治区地方金融管理局,第十九条,,,第十九条小额贷款公司放贷专户需具备支撑小额贷款业务 的出入金能力，小额贷款公司在银行业金融机构开设放贷专户原 则上不得超过3个，开立账户后5个工作日内，应当向地州市或 兵团师市地方金融管理机构报备其新开账户的户名、账号、开户 行、账户性质等信息，按季度报备放贷专户资金流水明细、运营 报告。小额贷款公司放贷资金（不含房租、工资、水电费等日常 运营资金）必须进入放贷专户方可放贷，贷款本金、利息结算均 须通过银行专户管理，除特殊情况外，不允许进行现金结算。 -10-,policy_地方金融组织_新疆维吾尔自治区地方金融管理局_42_0,policy,2025-12-31T15:22:08.135287,监管政策,地方金融组织_新疆维吾尔自治区地方金融管理局.md,全国,客户经理,生效
新开的小额贷款放贷专户多久内要报备？,地方金融组织_新疆维吾尔自治区地方金融管理局,第十九条,,,第十九条小额贷款公司放贷专户需具备支撑小额贷款业务 的出入金能力，小额贷款公司在银行业金融机构开设放贷专户原 则上不得超过3个，开立账户后5个工作日内，应当向地州市或 兵团师市地方金融管理机构报备其新开账户的户名、账号、开户 行、账户性质等信息，按季度报备放贷专户资金流水明细、运营 报告。小额贷款公司放贷资金（不含房租、工资、水电费等日常 运营资金）必须进入放贷专户方可放贷，贷款本金、利息结算均 须通过银行专户管理，除特殊情况外，不允许进行现金结算。 -10-,policy_地方金融组织_新疆维吾尔自治区地方金融管理局_42_1,policy,2025-12-31T15:22:08.135287,监管政策,地方金融组织_新疆维吾尔自治区地方金融管理局.md,全国,客户经理,生效
小额贷款公司放贷专户需要向谁报备信息？,地方金融组织_新疆维吾尔自治区地方金融管理局,第十九条,,,第十九条小额贷款公司放贷专户需具备支撑小额贷款业务 的出入金能力，小额贷款公司在银行业金融机构开设放贷专户原 则上不得超过3个，开立账户后5个工作日内，应当向地州市或 兵团师市地方金融管理机构报备其新开账户的户名、账号、开户 行、账户性质等信息，按季度报备放贷专户资金流水明细、运营 报告。小额贷款公司放贷资金（不含房租、工资、水电费等日常 运营资金）必须进入放贷专户方可放贷，贷款本金、利息结算均 须通过银行专户管理，除特殊情况外，不允许进行现金结算。 -10-,policy_地方金融组织_新疆维吾尔自治区地方金融管理局_42_2,policy,2025-12-31T15:22:08.135287,监管政策,地方金融组织_新疆维吾尔自治区地方金融管理局.md,全国,客户经理,生效
小额贷款放贷专户报备要提供哪些信息？,地方金融组织_新疆维吾尔自治区地方金融管理局,第十九条,,,第十九条小额贷款公司放贷专户需具备支撑小额贷款业务 的出入金能力，小额贷款公司在银行业金融机构开设放贷专户原 则上不得超过3个，开立账户后5个工作日内，应当向地州市或 兵团师市地方金融管理机构报备其新开账户的户名、账号、开户 行、账户性质等信息，按季度报备放贷专户资金流水明细、运营 报告。小额贷款公司放贷资金（不含房租、工资、水电费等日常 运营资金）必须进入放贷专户方可放贷，贷款本金、利息结算均 须通过银行专户管理，除特殊情况外，不允许进行现金结算。 -10-,policy_地方金融组织_新疆维吾尔自治区地方金融管理局_42_3,policy,2025-12-31T15:22:08.135287,监管政策,地方金融组织_新疆维吾尔自治区地方金融管理局.md,全国,客户经理,生效
小额贷款公司的放贷资金必须进哪个账户？,地方金融组织_新疆维吾尔自治区地方金融管理局,第十九条,,,第十九条小额贷款公司放贷专户需具备支撑小额贷款业务 的出入金能力，小额贷款公司在银行业金融机构开设放贷专户原 则上不得超过3个，开立账户后5个工作日内，应当向地州市或 兵团师市地方金融管理机构报备其新开账户的户名、账号、开户 行、账户性质等信息，按季度报备放贷专户资金流水明细、运营 报告。小额贷款公司放贷资金（不含房租、工资、水电费等日常 运营资金）必须进入放贷专户方可放贷，贷款本金、利息结算均 须通过银行专户管理，除特殊情况外，不允许进行现金结算。 -10-,policy_地方金融组织_新疆维吾尔自治区地方金融管理局_42_4,policy,2025-12-31T15:22:08.135287,监管政策,地方金融组织_新疆维吾尔自治区地方金融管理局.md,全国,客户经理,生效
小额贷款公司贷款本息结算必须通过什么方式？,地方金融组织_新疆维吾尔自治区地方金融管理局,第十九条,,,第十九条小额贷款公司放贷专户需具备支撑小额贷款业务 的出入金能力，小额贷款公司在银行业金融机构开设放贷专户原 则上不得超过3个，开立账户后5个工作日内，应当向地州市或 兵团师市地方金融管理机构报备其新开账户的户名、账号、开户 行、账户性质等信息，按季度报备放贷专户资金流水明细、运营 报告。小额贷款公司放贷资金（不含房租、工资、水电费等日常 运营资金）必须进入放贷专户方可放贷，贷款本金、利息结算均 须通过银行专户管理，除特殊情况外，不允许进行现金结算。 -10-,policy_地方金融组织_新疆维吾尔自治区地方金融管理局_42_5,policy,2025-12-31T15:22:08.135287,监管政策,地方金融组织_新疆维吾尔自治区地方金融管理局.md,全国,客户经理,生效
小额贷款公司能不能用现金收贷款本息？,地方金融组织_新疆维吾尔自治区地方金融管理局,第十九条,,,第十九条小额贷款公司放贷专户需具备支撑小额贷款业务 的出入金能力，小额贷款公司在银行业金融机构开设放贷专户原 则上不得超过3个，开立账户后5个工作日内，应当向地州市或 兵团师市地方金融管理机构报备其新开账户的户名、账号、开户 行、账户性质等信息，按季度报备放贷专户资金流水明细、运营 报告。小额贷款公司放贷资金（不含房租、工资、水电费等日常 运营资金）必须进入放贷专户方可放贷，贷款本金、利息结算均 须通过银行专户管理，除特殊情况外，不允许进行现金结算。 -10-,policy_地方金融组织_新疆维吾尔自治区地方金融管理局_42_6,policy,2025-12-31T15:22:08.135287,监管政策,地方金融组织_新疆维吾尔自治区地方金融管理局.md,全国,客户经理,生效
小额贷款公司放贷专户要按季度报什么材料？,地方金融组织_新疆维吾尔自治区地方金融管理局,第十九条,,,第十九条小额贷款公司放贷专户需具备支撑小额贷款业务 的出入金能力，小额贷款公司在银行业金融机构开设放贷专户原 则上不得超过3个，开立账户后5个工作日内，应当向地州市或 兵团师市地方金融管理机构报备其新开账户的户名、账号、开户 行、账户性质等信息，按季度报备放贷专户资金流水明细、运营 报告。小额贷款公司放贷资金（不含房租、工资、水电费等日常 运营资金）必须进入放贷专户方可放贷，贷款本金、利息结算均 须通过银行专户管理，除特殊情况外，不允许进行现金结算。 -10-,policy_地方金融组织_新疆维吾尔自治区地方金融管理局_42_7,policy,2025-12-31T15:22:08.135287,监管政策,地方金融组织_新疆维吾尔自治区地方金融管理局.md,全国,客户经理,生效
小额贷款公司需要报送哪些经营数据？,地方金融组织_新疆维吾尔自治区地方金融管理局,第二十条,,,第二十条小额贷款公司应当按监管要求报送数据信息、经 营报告、财务报告等资料（分支机构由法人机构统一报送）。重 大事项实行随时报告制度。 第四章监督管理 第二十一条自治区地方金融管理局、兵团地方金融管理局 依据管理权限负责辖区小额贷款公司的监督管理和风险处置，主 要职责有： （一）健全完善自治区、兵团小额贷款公司监管制度，拟定 发展规划和政策措施并组织实施； （二）负责对自治区、兵团小额贷款公司的设立、变更、终 止审批（含分支机构设立和终止审批）及对外融资等重大事项进 行终审； （三）对自治区、兵团小额贷款公司的现场检查工作进行年 度总体安排，同时，根据需要组织相关单位对自治区、兵团小额 贷款公司进行现场检查； （四）制定自治区、兵团小额贷款公司非现场监管指标和报 表，依法进行信息收集，主要包括财务报表在内的各类报表、经 营资料、审计报告、风险分析报告以及监管需要的其他资料，并 组织实施小额贷款公司非现场监管； （五）组织实施自治区、兵团小额贷款公司分类监管评级工 作； （六）对自治区、兵团小额贷款公司业务活动及风险状况进 行监管分析和评估，并对有风险的情况作出风险提示，指导自治 区、兵团小额贷款公司的风险处置工作，协调相关部门对未经批 -11-,policy_地方金融组织_新疆维吾尔自治区地方金融管理局_43_0,policy,2025-12-31T15:22:18.013729,监管政策,地方金融组织_新疆维吾尔自治区地方金融管理局.md,全国,客户经理,生效
重大事项报告制度对小贷公司有什么要求？,地方金融组织_新疆维吾尔自治区地方金融管理局,第二十条,,,第二十条小额贷款公司应当按监管要求报送数据信息、经 营报告、财务报告等资料（分支机构由法人机构统一报送）。重 大事项实行随时报告制度。 第四章监督管理 第二十一条自治区地方金融管理局、兵团地方金融管理局 依据管理权限负责辖区小额贷款公司的监督管理和风险处置，主 要职责有： （一）健全完善自治区、兵团小额贷款公司监管制度，拟定 发展规划和政策措施并组织实施； （二）负责对自治区、兵团小额贷款公司的设立、变更、终 止审批（含分支机构设立和终止审批）及对外融资等重大事项进 行终审； （三）对自治区、兵团小额贷款公司的现场检查工作进行年 度总体安排，同时，根据需要组织相关单位对自治区、兵团小额 贷款公司进行现场检查； （四）制定自治区、兵团小额贷款公司非现场监管指标和报 表，依法进行信息收集，主要包括财务报表在内的各类报表、经 营资料、审计报告、风险分析报告以及监管需要的其他资料，并 组织实施小额贷款公司非现场监管； （五）组织实施自治区、兵团小额贷款公司分类监管评级工 作； （六）对自治区、兵团小额贷款公司业务活动及风险状况进 行监管分析和评估，并对有风险的情况作出风险提示，指导自治 区、兵团小额贷款公司的风险处置工作，协调相关部门对未经批 -11-,policy_地方金融组织_新疆维吾尔自治区地方金融管理局_43_1,policy,2025-12-31T15:22:18.013729,监管政策,地方金融组织_新疆维吾尔自治区地方金融管理局.md,全国,客户经理,生效
新疆小贷公司由哪个部门负责监管？,地方金融组织_新疆维吾尔自治区地方金融管理局,第二十一条,,,第二十条小额贷款公司应当按监管要求报送数据信息、经 营报告、财务报告等资料（分支机构由法人机构统一报送）。重 大事项实行随时报告制度。 第四章监督管理 第二十一条自治区地方金融管理局、兵团地方金融管理局 依据管理权限负责辖区小额贷款公司的监督管理和风险处置，主 要职责有： （一）健全完善自治区、兵团小额贷款公司监管制度，拟定 发展规划和政策措施并组织实施； （二）负责对自治区、兵团小额贷款公司的设立、变更、终 止审批（含分支机构设立和终止审批）及对外融资等重大事项进 行终审； （三）对自治区、兵团小额贷款公司的现场检查工作进行年 度总体安排，同时，根据需要组织相关单位对自治区、兵团小额 贷款公司进行现场检查； （四）制定自治区、兵团小额贷款公司非现场监管指标和报 表，依法进行信息收集，主要包括财务报表在内的各类报表、经 营资料、审计报告、风险分析报告以及监管需要的其他资料，并 组织实施小额贷款公司非现场监管； （五）组织实施自治区、兵团小额贷款公司分类监管评级工 作； （六）对自治区、兵团小额贷款公司业务活动及风险状况进 行监管分析和评估，并对有风险的情况作出风险提示，指导自治 区、兵团小额贷款公司的风险处置工作，协调相关部门对未经批 -11-,policy_地方金融组织_新疆维吾尔自治区地方金融管理局_43_2,policy,2025-12-31T15:22:18.013729,监管政策,地方金融组织_新疆维吾尔自治区地方金融管理局.md,全国,客户经理,生效
兵团小贷公司的设立审批归谁管？,地方金融组织_新疆维吾尔自治区地方金融管理局,第二十一条_（二）,,,第二十条小额贷款公司应当按监管要求报送数据信息、经 营报告、财务报告等资料（分支机构由法人机构统一报送）。重 大事项实行随时报告制度。 第四章监督管理 第二十一条自治区地方金融管理局、兵团地方金融管理局 依据管理权限负责辖区小额贷款公司的监督管理和风险处置，主 要职责有： （一）健全完善自治区、兵团小额贷款公司监管制度，拟定 发展规划和政策措施并组织实施； （二）负责对自治区、兵团小额贷款公司的设立、变更、终 止审批（含分支机构设立和终止审批）及对外融资等重大事项进 行终审； （三）对自治区、兵团小额贷款公司的现场检查工作进行年 度总体安排，同时，根据需要组织相关单位对自治区、兵团小额 贷款公司进行现场检查； （四）制定自治区、兵团小额贷款公司非现场监管指标和报 表，依法进行信息收集，主要包括财务报表在内的各类报表、经 营资料、审计报告、风险分析报告以及监管需要的其他资料，并 组织实施小额贷款公司非现场监管； （五）组织实施自治区、兵团小额贷款公司分类监管评级工 作； （六）对自治区、兵团小额贷款公司业务活动及风险状况进 行监管分析和评估，并对有风险的情况作出风险提示，指导自治 区、兵团小额贷款公司的风险处置工作，协调相关部门对未经批 -11-,policy_地方金融组织_新疆维吾尔自治区地方金融管理局_43_3,policy,2025-12-31T15:22:18.013729,监管政策,地方金融组织_新疆维吾尔自治区地方金融管理局.md,全国,客户经理,生效
小贷公司现场检查由谁统一安排？,地方金融组织_新疆维吾尔自治区地方金融管理局,第二十一条_（三）,,,第二十条小额贷款公司应当按监管要求报送数据信息、经 营报告、财务报告等资料（分支机构由法人机构统一报送）。重 大事项实行随时报告制度。 第四章监督管理 第二十一条自治区地方金融管理局、兵团地方金融管理局 依据管理权限负责辖区小额贷款公司的监督管理和风险处置，主 要职责有： （一）健全完善自治区、兵团小额贷款公司监管制度，拟定 发展规划和政策措施并组织实施； （二）负责对自治区、兵团小额贷款公司的设立、变更、终 止审批（含分支机构设立和终止审批）及对外融资等重大事项进 行终审； （三）对自治区、兵团小额贷款公司的现场检查工作进行年 度总体安排，同时，根据需要组织相关单位对自治区、兵团小额 贷款公司进行现场检查； （四）制定自治区、兵团小额贷款公司非现场监管指标和报 表，依法进行信息收集，主要包括财务报表在内的各类报表、经 营资料、审计报告、风险分析报告以及监管需要的其他资料，并 组织实施小额贷款公司非现场监管； （五）组织实施自治区、兵团小额贷款公司分类监管评级工 作； （六）对自治区、兵团小额贷款公司业务活动及风险状况进 行监管分析和评估，并对有风险的情况作出风险提示，指导自治 区、兵团小额贷款公司的风险处置工作，协调相关部门对未经批 -11-,policy_地方金融组织_新疆维吾尔自治区地方金融管理局_43_4,policy,2025-12-31T15:22:18.013729,监管政策,地方金融组织_新疆维吾尔自治区地方金融管理局.md,全国,客户经理,生效
非现场监管指标由哪个单位制定？,地方金融组织_新疆维吾尔自治区地方金融管理局,第二十一条_（四）,,,第二十条小额贷款公司应当按监管要求报送数据信息、经 营报告、财务报告等资料（分支机构由法人机构统一报送）。重 大事项实行随时报告制度。 第四章监督管理 第二十一条自治区地方金融管理局、兵团地方金融管理局 依据管理权限负责辖区小额贷款公司的监督管理和风险处置，主 要职责有： （一）健全完善自治区、兵团小额贷款公司监管制度，拟定 发展规划和政策措施并组织实施； （二）负责对自治区、兵团小额贷款公司的设立、变更、终 止审批（含分支机构设立和终止审批）及对外融资等重大事项进 行终审； （三）对自治区、兵团小额贷款公司的现场检查工作进行年 度总体安排，同时，根据需要组织相关单位对自治区、兵团小额 贷款公司进行现场检查； （四）制定自治区、兵团小额贷款公司非现场监管指标和报 表，依法进行信息收集，主要包括财务报表在内的各类报表、经 营资料、审计报告、风险分析报告以及监管需要的其他资料，并 组织实施小额贷款公司非现场监管； （五）组织实施自治区、兵团小额贷款公司分类监管评级工 作； （六）对自治区、兵团小额贷款公司业务活动及风险状况进 行监管分析和评估，并对有风险的情况作出风险提示，指导自治 区、兵团小额贷款公司的风险处置工作，协调相关部门对未经批 -11-,policy_地方金融组织_新疆维吾尔自治区地方金融管理局_43_5,policy,2025-12-31T15:22:18.013729,监管政策,地方金融组织_新疆维吾尔自治区地方金融管理局.md,全国,客户经理,生效
小贷公司分类监管评级谁来组织实施？,地方金融组织_新疆维吾尔自治区地方金融管理局,第二十一条_（五）,,,第二十条小额贷款公司应当按监管要求报送数据信息、经 营报告、财务报告等资料（分支机构由法人机构统一报送）。重 大事项实行随时报告制度。 第四章监督管理 第二十一条自治区地方金融管理局、兵团地方金融管理局 依据管理权限负责辖区小额贷款公司的监督管理和风险处置，主 要职责有： （一）健全完善自治区、兵团小额贷款公司监管制度，拟定 发展规划和政策措施并组织实施； （二）负责对自治区、兵团小额贷款公司的设立、变更、终 止审批（含分支机构设立和终止审批）及对外融资等重大事项进 行终审； （三）对自治区、兵团小额贷款公司的现场检查工作进行年 度总体安排，同时，根据需要组织相关单位对自治区、兵团小额 贷款公司进行现场检查； （四）制定自治区、兵团小额贷款公司非现场监管指标和报 表，依法进行信息收集，主要包括财务报表在内的各类报表、经 营资料、审计报告、风险分析报告以及监管需要的其他资料，并 组织实施小额贷款公司非现场监管； （五）组织实施自治区、兵团小额贷款公司分类监管评级工 作； （六）对自治区、兵团小额贷款公司业务活动及风险状况进 行监管分析和评估，并对有风险的情况作出风险提示，指导自治 区、兵团小额贷款公司的风险处置工作，协调相关部门对未经批 -11-,policy_地方金融组织_新疆维吾尔自治区地方金融管理局_43_6,policy,2025-12-31T15:22:18.013729,监管政策,地方金融组织_新疆维吾尔自治区地方金融管理局.md,全国,客户经理,生效
监管部门如何评估小贷公司风险状况？,地方金融组织_新疆维吾尔自治区地方金融管理局,第二十一条_（六）,,,第二十条小额贷款公司应当按监管要求报送数据信息、经 营报告、财务报告等资料（分支机构由法人机构统一报送）。重 大事项实行随时报告制度。 第四章监督管理 第二十一条自治区地方金融管理局、兵团地方金融管理局 依据管理权限负责辖区小额贷款公司的监督管理和风险处置，主 要职责有： （一）健全完善自治区、兵团小额贷款公司监管制度，拟定 发展规划和政策措施并组织实施； （二）负责对自治区、兵团小额贷款公司的设立、变更、终 止审批（含分支机构设立和终止审批）及对外融资等重大事项进 行终审； （三）对自治区、兵团小额贷款公司的现场检查工作进行年 度总体安排，同时，根据需要组织相关单位对自治区、兵团小额 贷款公司进行现场检查； （四）制定自治区、兵团小额贷款公司非现场监管指标和报 表，依法进行信息收集，主要包括财务报表在内的各类报表、经 营资料、审计报告、风险分析报告以及监管需要的其他资料，并 组织实施小额贷款公司非现场监管； （五）组织实施自治区、兵团小额贷款公司分类监管评级工 作； （六）对自治区、兵团小额贷款公司业务活动及风险状况进 行监管分析和评估，并对有风险的情况作出风险提示，指导自治 区、兵团小额贷款公司的风险处置工作，协调相关部门对未经批 -11-,policy_地方金融组织_新疆维吾尔自治区地方金融管理局_43_7,policy,2025-12-31T15:22:18.013729,监管政策,地方金融组织_新疆维吾尔自治区地方金融管理局.md,全国,客户经理,生效
新疆小额贷款公司由谁负责查处？,地方金融组织_新疆维吾尔自治区地方金融管理局,第七条_1,2023-06-15,2023-07-01,准、非法设立的小额贷款公司进行查处； （七）监督指导地州市、兵团师市地方金融管理机构对小额 贷款公司的管理工作。,policy_地方金融组织_新疆维吾尔自治区地方金融管理局_44_0,policy,2025-12-31T15:22:23.237305,监管政策,地方金融组织_新疆维吾尔自治区地方金融管理局.md,全国,客户经理,生效
地州市金融局对小贷公司有哪些管理职责？,地方金融组织_新疆维吾尔自治区地方金融管理局,第七条_2,2023-06-15,2023-07-01,准、非法设立的小额贷款公司进行查处； （七）监督指导地州市、兵团师市地方金融管理机构对小额 贷款公司的管理工作。,policy_地方金融组织_新疆维吾尔自治区地方金融管理局_44_1,policy,2025-12-31T15:22:23.237305,监管政策,地方金融组织_新疆维吾尔自治区地方金融管理局.md,全国,客户经理,生效
兵团师市金融管理部门如何监管小贷公司？,地方金融组织_新疆维吾尔自治区地方金融管理局,第七条_2,2023-06-15,2023-07-01,准、非法设立的小额贷款公司进行查处； （七）监督指导地州市、兵团师市地方金融管理机构对小额 贷款公司的管理工作。,policy_地方金融组织_新疆维吾尔自治区地方金融管理局_44_2,policy,2025-12-31T15:22:23.237305,监管政策,地方金融组织_新疆维吾尔自治区地方金融管理局.md,全国,客户经理,生效
新疆小额贷款公司日常监管由谁负责？,地方金融组织_新疆维吾尔自治区地方金融管理局,第二十二条_1,2023-10-01,2023-10-01,第二十二条各地州市、县市区，兵团各师市地方金融管理 机构主要职责有： （一）按照小额贷款公司相关监管制度，做好辖区小额贷款 公司日常监督管理工作； （二）负责辖区小额贷款公司（含分支机构）设立、变更、 终止事项的初审，并对授权范围内的事项进行审批；其他需要报 批报备的事项，根据相关规定及时处理； （三）根据自治区地方金融管理局或兵团地方金融管理局的 现场检查工作安排和工作需要，完成辖区小额贷款公司现场检 查，做到三年全覆盖； （四）落实自治区地方金融管理局或兵团地方金融管理局的 非现场监管要求，督促指导辖区小额贷款公司按时报送各类数据 信息、报表，对非现场监管报表资料进行审核、整理、汇总、分 析； （五）落实自治区、兵团小额贷款公司分类监管评级工作要 求，对辖区小额贷款公司及其分支机构的监管指标执行情况、经 营状况、风险程度做出客观评价； （六）对辖区小额贷款公司进行分类管理，建立小额贷款公 司监管档案，做到一企一档。对高风险的小额贷款公司及时发出 预警信号，督促和指导其制定防范、控制和化解风险方案，并对 其进行跟踪监控，对存在重大风险隐患和违规经营行为的小额贷 -12-,policy_地方金融组织_新疆维吾尔自治区地方金融管理局_45_0,policy,2025-12-31T15:22:32.318387,监管政策,地方金融组织_新疆维吾尔自治区地方金融管理局.md,全国,客户经理,生效
小额贷款公司设立和变更初审由哪个部门做？,地方金融组织_新疆维吾尔自治区地方金融管理局,第二十二条_2,2023-10-01,2023-10-01,第二十二条各地州市、县市区，兵团各师市地方金融管理 机构主要职责有： （一）按照小额贷款公司相关监管制度，做好辖区小额贷款 公司日常监督管理工作； （二）负责辖区小额贷款公司（含分支机构）设立、变更、 终止事项的初审，并对授权范围内的事项进行审批；其他需要报 批报备的事项，根据相关规定及时处理； （三）根据自治区地方金融管理局或兵团地方金融管理局的 现场检查工作安排和工作需要，完成辖区小额贷款公司现场检 查，做到三年全覆盖； （四）落实自治区地方金融管理局或兵团地方金融管理局的 非现场监管要求，督促指导辖区小额贷款公司按时报送各类数据 信息、报表，对非现场监管报表资料进行审核、整理、汇总、分 析； （五）落实自治区、兵团小额贷款公司分类监管评级工作要 求，对辖区小额贷款公司及其分支机构的监管指标执行情况、经 营状况、风险程度做出客观评价； （六）对辖区小额贷款公司进行分类管理，建立小额贷款公 司监管档案，做到一企一档。对高风险的小额贷款公司及时发出 预警信号，督促和指导其制定防范、控制和化解风险方案，并对 其进行跟踪监控，对存在重大风险隐患和违规经营行为的小额贷 -12-,policy_地方金融组织_新疆维吾尔自治区地方金融管理局_45_1,policy,2025-12-31T15:22:32.318387,监管政策,地方金融组织_新疆维吾尔自治区地方金融管理局.md,全国,客户经理,生效
新疆小贷公司现场检查几年要全覆盖一次？,地方金融组织_新疆维吾尔自治区地方金融管理局,第二十二条_3,2023-10-01,2023-10-01,第二十二条各地州市、县市区，兵团各师市地方金融管理 机构主要职责有： （一）按照小额贷款公司相关监管制度，做好辖区小额贷款 公司日常监督管理工作； （二）负责辖区小额贷款公司（含分支机构）设立、变更、 终止事项的初审，并对授权范围内的事项进行审批；其他需要报 批报备的事项，根据相关规定及时处理； （三）根据自治区地方金融管理局或兵团地方金融管理局的 现场检查工作安排和工作需要，完成辖区小额贷款公司现场检 查，做到三年全覆盖； （四）落实自治区地方金融管理局或兵团地方金融管理局的 非现场监管要求，督促指导辖区小额贷款公司按时报送各类数据 信息、报表，对非现场监管报表资料进行审核、整理、汇总、分 析； （五）落实自治区、兵团小额贷款公司分类监管评级工作要 求，对辖区小额贷款公司及其分支机构的监管指标执行情况、经 营状况、风险程度做出客观评价； （六）对辖区小额贷款公司进行分类管理，建立小额贷款公 司监管档案，做到一企一档。对高风险的小额贷款公司及时发出 预警信号，督促和指导其制定防范、控制和化解风险方案，并对 其进行跟踪监控，对存在重大风险隐患和违规经营行为的小额贷 -12-,policy_地方金融组织_新疆维吾尔自治区地方金融管理局_45_2,policy,2025-12-31T15:22:32.318387,监管政策,地方金融组织_新疆维吾尔自治区地方金融管理局.md,全国,客户经理,生效
小贷公司非现场监管数据报送由谁审核？,地方金融组织_新疆维吾尔自治区地方金融管理局,第二十二条_4,2023-10-01,2023-10-01,第二十二条各地州市、县市区，兵团各师市地方金融管理 机构主要职责有： （一）按照小额贷款公司相关监管制度，做好辖区小额贷款 公司日常监督管理工作； （二）负责辖区小额贷款公司（含分支机构）设立、变更、 终止事项的初审，并对授权范围内的事项进行审批；其他需要报 批报备的事项，根据相关规定及时处理； （三）根据自治区地方金融管理局或兵团地方金融管理局的 现场检查工作安排和工作需要，完成辖区小额贷款公司现场检 查，做到三年全覆盖； （四）落实自治区地方金融管理局或兵团地方金融管理局的 非现场监管要求，督促指导辖区小额贷款公司按时报送各类数据 信息、报表，对非现场监管报表资料进行审核、整理、汇总、分 析； （五）落实自治区、兵团小额贷款公司分类监管评级工作要 求，对辖区小额贷款公司及其分支机构的监管指标执行情况、经 营状况、风险程度做出客观评价； （六）对辖区小额贷款公司进行分类管理，建立小额贷款公 司监管档案，做到一企一档。对高风险的小额贷款公司及时发出 预警信号，督促和指导其制定防范、控制和化解风险方案，并对 其进行跟踪监控，对存在重大风险隐患和违规经营行为的小额贷 -12-,policy_地方金融组织_新疆维吾尔自治区地方金融管理局_45_3,policy,2025-12-31T15:22:32.318387,监管政策,地方金融组织_新疆维吾尔自治区地方金融管理局.md,全国,客户经理,生效
新疆小贷公司分类评级由谁来做评价？,地方金融组织_新疆维吾尔自治区地方金融管理局,第二十二条_5,2023-10-01,2023-10-01,第二十二条各地州市、县市区，兵团各师市地方金融管理 机构主要职责有： （一）按照小额贷款公司相关监管制度，做好辖区小额贷款 公司日常监督管理工作； （二）负责辖区小额贷款公司（含分支机构）设立、变更、 终止事项的初审，并对授权范围内的事项进行审批；其他需要报 批报备的事项，根据相关规定及时处理； （三）根据自治区地方金融管理局或兵团地方金融管理局的 现场检查工作安排和工作需要，完成辖区小额贷款公司现场检 查，做到三年全覆盖； （四）落实自治区地方金融管理局或兵团地方金融管理局的 非现场监管要求，督促指导辖区小额贷款公司按时报送各类数据 信息、报表，对非现场监管报表资料进行审核、整理、汇总、分 析； （五）落实自治区、兵团小额贷款公司分类监管评级工作要 求，对辖区小额贷款公司及其分支机构的监管指标执行情况、经 营状况、风险程度做出客观评价； （六）对辖区小额贷款公司进行分类管理，建立小额贷款公 司监管档案，做到一企一档。对高风险的小额贷款公司及时发出 预警信号，督促和指导其制定防范、控制和化解风险方案，并对 其进行跟踪监控，对存在重大风险隐患和违规经营行为的小额贷 -12-,policy_地方金融组织_新疆维吾尔自治区地方金融管理局_45_4,policy,2025-12-31T15:22:32.318387,监管政策,地方金融组织_新疆维吾尔自治区地方金融管理局.md,全国,客户经理,生效
新疆小贷公司监管档案要求一企一档吗？,地方金融组织_新疆维吾尔自治区地方金融管理局,第二十二条_6,2023-10-01,2023-10-01,第二十二条各地州市、县市区，兵团各师市地方金融管理 机构主要职责有： （一）按照小额贷款公司相关监管制度，做好辖区小额贷款 公司日常监督管理工作； （二）负责辖区小额贷款公司（含分支机构）设立、变更、 终止事项的初审，并对授权范围内的事项进行审批；其他需要报 批报备的事项，根据相关规定及时处理； （三）根据自治区地方金融管理局或兵团地方金融管理局的 现场检查工作安排和工作需要，完成辖区小额贷款公司现场检 查，做到三年全覆盖； （四）落实自治区地方金融管理局或兵团地方金融管理局的 非现场监管要求，督促指导辖区小额贷款公司按时报送各类数据 信息、报表，对非现场监管报表资料进行审核、整理、汇总、分 析； （五）落实自治区、兵团小额贷款公司分类监管评级工作要 求，对辖区小额贷款公司及其分支机构的监管指标执行情况、经 营状况、风险程度做出客观评价； （六）对辖区小额贷款公司进行分类管理，建立小额贷款公 司监管档案，做到一企一档。对高风险的小额贷款公司及时发出 预警信号，督促和指导其制定防范、控制和化解风险方案，并对 其进行跟踪监控，对存在重大风险隐患和违规经营行为的小额贷 -12-,policy_地方金融组织_新疆维吾尔自治区地方金融管理局_45_5,policy,2025-12-31T15:22:32.318387,监管政策,地方金融组织_新疆维吾尔自治区地方金融管理局.md,全国,客户经理,生效
新疆小额贷款公司经营风险处置由谁负责报告？,地方金融组织_新疆维吾尔自治区地方金融管理局,第七条_5,2023-06-15,2023-07-01,款公司，可委托审计机构对其进行独立审计，审计结果作为查处 其违法违规行为的基本依据；对不能有效控制和化解经营风险的 小额贷款公司，及时提出处置意见，并向自治区地方金融管理局、 兵团地方金融管理局报告； （七）建立社会监督机制，设立监督电话，充分利用和发挥 社会监督力量，加强对小额贷款公司经营行为的约束、监督，提 高监督实效； （八）加强监管队伍建设，配置与辖区监管对象数量、业务 规模相匹配的专职监管力量，不断提高专业化监管水平。,policy_地方金融组织_新疆维吾尔自治区地方金融管理局_46_0,policy,2025-12-31T15:22:41.018521,监管政策,地方金融组织_新疆维吾尔自治区地方金融管理局.md,全国,客户经理,生效
对高风险小额贷款公司审计可以委托第三方吗？,地方金融组织_新疆维吾尔自治区地方金融管理局,第七条_3,2023-06-15,2023-07-01,款公司，可委托审计机构对其进行独立审计，审计结果作为查处 其违法违规行为的基本依据；对不能有效控制和化解经营风险的 小额贷款公司，及时提出处置意见，并向自治区地方金融管理局、 兵团地方金融管理局报告； （七）建立社会监督机制，设立监督电话，充分利用和发挥 社会监督力量，加强对小额贷款公司经营行为的约束、监督，提 高监督实效； （八）加强监管队伍建设，配置与辖区监管对象数量、业务 规模相匹配的专职监管力量，不断提高专业化监管水平。,policy_地方金融组织_新疆维吾尔自治区地方金融管理局_46_1,policy,2025-12-31T15:22:41.018521,监管政策,地方金融组织_新疆维吾尔自治区地方金融管理局.md,全国,客户经理,生效
新疆小贷公司监管力量配置有什么要求？,地方金融组织_新疆维吾尔自治区地方金融管理局,第八条,2023-06-15,2023-07-01,款公司，可委托审计机构对其进行独立审计，审计结果作为查处 其违法违规行为的基本依据；对不能有效控制和化解经营风险的 小额贷款公司，及时提出处置意见，并向自治区地方金融管理局、 兵团地方金融管理局报告； （七）建立社会监督机制，设立监督电话，充分利用和发挥 社会监督力量，加强对小额贷款公司经营行为的约束、监督，提 高监督实效； （八）加强监管队伍建设，配置与辖区监管对象数量、业务 规模相匹配的专职监管力量，不断提高专业化监管水平。,policy_地方金融组织_新疆维吾尔自治区地方金融管理局_46_2,policy,2025-12-31T15:22:41.018521,监管政策,地方金融组织_新疆维吾尔自治区地方金融管理局.md,全国,客户经理,生效
如何加强新疆小贷公司的社会监督？,地方金融组织_新疆维吾尔自治区地方金融管理局,第七条_7,2023-06-15,2023-07-01,款公司，可委托审计机构对其进行独立审计，审计结果作为查处 其违法违规行为的基本依据；对不能有效控制和化解经营风险的 小额贷款公司，及时提出处置意见，并向自治区地方金融管理局、 兵团地方金融管理局报告； （七）建立社会监督机制，设立监督电话，充分利用和发挥 社会监督力量，加强对小额贷款公司经营行为的约束、监督，提 高监督实效； （八）加强监管队伍建设，配置与辖区监管对象数量、业务 规模相匹配的专职监管力量，不断提高专业化监管水平。,policy_地方金融组织_新疆维吾尔自治区地方金融管理局_46_3,policy,2025-12-31T15:22:41.018521,监管政策,地方金融组织_新疆维吾尔自治区地方金融管理局.md,全国,客户经理,生效
审计机构出具的小贷公司审计结果能用来干嘛？,地方金融组织_新疆维吾尔自治区地方金融管理局,第七条_3,2023-06-15,2023-07-01,款公司，可委托审计机构对其进行独立审计，审计结果作为查处 其违法违规行为的基本依据；对不能有效控制和化解经营风险的 小额贷款公司，及时提出处置意见，并向自治区地方金融管理局、 兵团地方金融管理局报告； （七）建立社会监督机制，设立监督电话，充分利用和发挥 社会监督力量，加强对小额贷款公司经营行为的约束、监督，提 高监督实效； （八）加强监管队伍建设，配置与辖区监管对象数量、业务 规模相匹配的专职监管力量，不断提高专业化监管水平。,policy_地方金融组织_新疆维吾尔自治区地方金融管理局_46_4,policy,2025-12-31T15:22:41.018521,监管政策,地方金融组织_新疆维吾尔自治区地方金融管理局.md,全国,客户经理,生效
新疆小额贷款公司市场准入由哪些部门负责？,地方金融组织_新疆维吾尔自治区地方金融管理局,第二十三条,,,第二十三条自治区、兵团的公安、市场监管和人民银行、 国家金融监管总局派出机构等部门应按照国家和自治区有关政 策文件、法律、法规规定，严把小额贷款公司市场准入关，依法 办理设立、变更、注销等登记相关工作；进行利率和资金流向跟 踪监管，将符合条件的小额贷款公司纳入征信系统；依法查处小 额贷款公司重大非法集资案件等相关工作。,policy_地方金融组织_新疆维吾尔自治区地方金融管理局_47_0,policy,2025-12-31T15:22:47.353440,监管政策,地方金融组织_新疆维吾尔自治区地方金融管理局.md,全国,客户经理,生效
新疆小额贷款公司设立登记找哪个部门办？,地方金融组织_新疆维吾尔自治区地方金融管理局,第二十三条,,,第二十三条自治区、兵团的公安、市场监管和人民银行、 国家金融监管总局派出机构等部门应按照国家和自治区有关政 策文件、法律、法规规定，严把小额贷款公司市场准入关，依法 办理设立、变更、注销等登记相关工作；进行利率和资金流向跟 踪监管，将符合条件的小额贷款公司纳入征信系统；依法查处小 额贷款公司重大非法集资案件等相关工作。,policy_地方金融组织_新疆维吾尔自治区地方金融管理局_47_1,policy,2025-12-31T15:22:47.353440,监管政策,地方金融组织_新疆维吾尔自治区地方金融管理局.md,全国,客户经理,生效
新疆小贷公司利率和资金流向谁来监管？,地方金融组织_新疆维吾尔自治区地方金融管理局,第二十三条,,,第二十三条自治区、兵团的公安、市场监管和人民银行、 国家金融监管总局派出机构等部门应按照国家和自治区有关政 策文件、法律、法规规定，严把小额贷款公司市场准入关，依法 办理设立、变更、注销等登记相关工作；进行利率和资金流向跟 踪监管，将符合条件的小额贷款公司纳入征信系统；依法查处小 额贷款公司重大非法集资案件等相关工作。,policy_地方金融组织_新疆维吾尔自治区地方金融管理局_47_2,policy,2025-12-31T15:22:47.353440,监管政策,地方金融组织_新疆维吾尔自治区地方金融管理局.md,全国,客户经理,生效
符合条件的小额贷款公司能不能上征信系统？,地方金融组织_新疆维吾尔自治区地方金融管理局,第二十三条,,,第二十三条自治区、兵团的公安、市场监管和人民银行、 国家金融监管总局派出机构等部门应按照国家和自治区有关政 策文件、法律、法规规定，严把小额贷款公司市场准入关，依法 办理设立、变更、注销等登记相关工作；进行利率和资金流向跟 踪监管，将符合条件的小额贷款公司纳入征信系统；依法查处小 额贷款公司重大非法集资案件等相关工作。,policy_地方金融组织_新疆维吾尔自治区地方金融管理局_47_3,policy,2025-12-31T15:22:47.353440,监管政策,地方金融组织_新疆维吾尔自治区地方金融管理局.md,全国,客户经理,生效
新疆小贷公司非法集资案件归谁查处？,地方金融组织_新疆维吾尔自治区地方金融管理局,第二十三条,,,第二十三条自治区、兵团的公安、市场监管和人民银行、 国家金融监管总局派出机构等部门应按照国家和自治区有关政 策文件、法律、法规规定，严把小额贷款公司市场准入关，依法 办理设立、变更、注销等登记相关工作；进行利率和资金流向跟 踪监管，将符合条件的小额贷款公司纳入征信系统；依法查处小 额贷款公司重大非法集资案件等相关工作。,policy_地方金融组织_新疆维吾尔自治区地方金融管理局_47_4,policy,2025-12-31T15:22:47.353954,监管政策,地方金融组织_新疆维吾尔自治区地方金融管理局.md,全国,客户经理,生效
小贷公司监管重点包括哪些方面？,地方金融组织_新疆维吾尔自治区地方金融管理局,第二十四条,2023-06-15,2023-07-01,第二十四条地方金融管理机构对小额贷款公司的治理结 构、内部控制、资产质量、资产损失准备充足率、融资比例、贷 款投向等方面实施全面监管。管理的重点是严禁小额贷款公司出 现任何形式的非法集资、违背利率政策发放贷款、抽逃资本、洗 钱、使用非法手段催债等非法金融活动。,policy_地方金融组织_新疆维吾尔自治区地方金融管理局_48_0,policy,2025-12-31T15:22:55.886509,监管政策,地方金融组织_新疆维吾尔自治区地方金融管理局.md,全国,客户经理,生效
地方金融局对小贷公司内控和资产质量怎么监管？,地方金融组织_新疆维吾尔自治区地方金融管理局,第二十四条,2023-06-15,2023-07-01,第二十四条地方金融管理机构对小额贷款公司的治理结 构、内部控制、资产质量、资产损失准备充足率、融资比例、贷 款投向等方面实施全面监管。管理的重点是严禁小额贷款公司出 现任何形式的非法集资、违背利率政策发放贷款、抽逃资本、洗 钱、使用非法手段催债等非法金融活动。,policy_地方金融组织_新疆维吾尔自治区地方金融管理局_48_1,policy,2025-12-31T15:22:55.886509,监管政策,地方金融组织_新疆维吾尔自治区地方金融管理局.md,全国,客户经理,生效
小贷公司哪些行为属于严禁的非法金融活动？,地方金融组织_新疆维吾尔自治区地方金融管理局,第二十四条,2023-06-15,2023-07-01,第二十四条地方金融管理机构对小额贷款公司的治理结 构、内部控制、资产质量、资产损失准备充足率、融资比例、贷 款投向等方面实施全面监管。管理的重点是严禁小额贷款公司出 现任何形式的非法集资、违背利率政策发放贷款、抽逃资本、洗 钱、使用非法手段催债等非法金融活动。,policy_地方金融组织_新疆维吾尔自治区地方金融管理局_48_2,policy,2025-12-31T15:22:55.886509,监管政策,地方金融组织_新疆维吾尔自治区地方金融管理局.md,全国,客户经理,生效
小贷公司融资比例和贷款投向受谁监管？,地方金融组织_新疆维吾尔自治区地方金融管理局,第二十四条,2023-06-15,2023-07-01,第二十四条地方金融管理机构对小额贷款公司的治理结 构、内部控制、资产质量、资产损失准备充足率、融资比例、贷 款投向等方面实施全面监管。管理的重点是严禁小额贷款公司出 现任何形式的非法集资、违背利率政策发放贷款、抽逃资本、洗 钱、使用非法手段催债等非法金融活动。,policy_地方金融组织_新疆维吾尔自治区地方金融管理局_48_3,policy,2025-12-31T15:22:55.886509,监管政策,地方金融组织_新疆维吾尔自治区地方金融管理局.md,全国,客户经理,生效
小贷公司资产损失准备充足率监管要求是什么？,地方金融组织_新疆维吾尔自治区地方金融管理局,第二十四条,2023-06-15,2023-07-01,第二十四条地方金融管理机构对小额贷款公司的治理结 构、内部控制、资产质量、资产损失准备充足率、融资比例、贷 款投向等方面实施全面监管。管理的重点是严禁小额贷款公司出 现任何形式的非法集资、违背利率政策发放贷款、抽逃资本、洗 钱、使用非法手段催债等非法金融活动。,policy_地方金融组织_新疆维吾尔自治区地方金融管理局_48_4,policy,2025-12-31T15:22:55.886509,监管政策,地方金融组织_新疆维吾尔自治区地方金融管理局.md,全国,客户经理,生效
哪些情况下小贷公司会被列为重点检查对象？,地方金融组织_新疆维吾尔自治区地方金融管理局,第二十五条,2023-06-15,2023-07-01,第二十五条小额贷款公司有下列情形之一的，各级地方金 融管理机构可以将其列为重点检查对象，并可以委托会计师事务 所对小额贷款公司的经营情况、财务状况、风险情况、内部控制 制度及执行情况等进行审计： -13-,policy_地方金融组织_新疆维吾尔自治区地方金融管理局_49_0,policy,2025-12-31T15:23:00.923587,监管政策,地方金融组织_新疆维吾尔自治区地方金融管理局.md,全国,客户经理,生效
地方金融监管机构能否委托会计师事务所审计小贷公司？,地方金融组织_新疆维吾尔自治区地方金融管理局,第二十五条,2023-06-15,2023-07-01,第二十五条小额贷款公司有下列情形之一的，各级地方金 融管理机构可以将其列为重点检查对象，并可以委托会计师事务 所对小额贷款公司的经营情况、财务状况、风险情况、内部控制 制度及执行情况等进行审计： -13-,policy_地方金融组织_新疆维吾尔自治区地方金融管理局_49_1,policy,2025-12-31T15:23:00.923587,监管政策,地方金融组织_新疆维吾尔自治区地方金融管理局.md,全国,客户经理,生效
小贷公司被重点检查时可能涉及哪些审计内容？,地方金融组织_新疆维吾尔自治区地方金融管理局,第二十五条,2023-06-15,2023-07-01,第二十五条小额贷款公司有下列情形之一的，各级地方金 融管理机构可以将其列为重点检查对象，并可以委托会计师事务 所对小额贷款公司的经营情况、财务状况、风险情况、内部控制 制度及执行情况等进行审计： -13-,policy_地方金融组织_新疆维吾尔自治区地方金融管理局_49_2,policy,2025-12-31T15:23:00.923587,监管政策,地方金融组织_新疆维吾尔自治区地方金融管理局.md,全国,客户经理,生效
担保公司哪些情况会被列为重点检查对象？,地方金融组织_新疆维吾尔自治区地方金融管理局,第四条_4,2023-06-15,2023-07-01,（一）业务或者财务出现重大异常； （二）不按要求提交或者提供虚假的报告、报表、文件和资 料； （三）涉嫌重大违法违规行为； （四）需要重点检查的其他情形。,policy_地方金融组织_新疆维吾尔自治区地方金融管理局_50_0,policy,2025-12-31T15:23:03.564031,监管政策,地方金融组织_新疆维吾尔自治区地方金融管理局.md,全国,客户经理,生效
新疆小贷公司协会在行业监管中起什么作用？,地方金融组织_新疆维吾尔自治区地方金融管理局,第二十六条,2023-10-01,2023-10-01,第二十六条自治区小额贷款公司行业协会、兵团地方金融 组织协会应当发挥服务、协调、自律和配合监管作用，加强会员 自律管理，提高从业人员素质，加大行业宣传力度，维护行业合 法权益，配合自治区地方金融管理局、兵团地方金融管理局促进 行业规范健康发展。 第五章违法违规行为处理 第二十七条地方金融管理机构对小额贷款公司违法违规行 为，可视情节轻重依法依规采取风险提示、监管谈话、出具警示 函、责令限期整改、通报批评、撤销业务经营资质等监管措施； 涉嫌违法犯罪的，移交公安机关进行处理。,policy_地方金融组织_新疆维吾尔自治区地方金融管理局_51_0,policy,2025-12-31T15:23:12.188813,监管政策,地方金融组织_新疆维吾尔自治区地方金融管理局.md,全国,客户经理,生效
兵团小贷协会需要配合哪些监管工作？,地方金融组织_新疆维吾尔自治区地方金融管理局,第二十六条,2023-10-01,2023-10-01,第二十六条自治区小额贷款公司行业协会、兵团地方金融 组织协会应当发挥服务、协调、自律和配合监管作用，加强会员 自律管理，提高从业人员素质，加大行业宣传力度，维护行业合 法权益，配合自治区地方金融管理局、兵团地方金融管理局促进 行业规范健康发展。 第五章违法违规行为处理 第二十七条地方金融管理机构对小额贷款公司违法违规行 为，可视情节轻重依法依规采取风险提示、监管谈话、出具警示 函、责令限期整改、通报批评、撤销业务经营资质等监管措施； 涉嫌违法犯罪的，移交公安机关进行处理。,policy_地方金融组织_新疆维吾尔自治区地方金融管理局_51_1,policy,2025-12-31T15:23:12.188813,监管政策,地方金融组织_新疆维吾尔自治区地方金融管理局.md,全国,客户经理,生效
小贷公司违规会被采取哪些监管措施？,地方金融组织_新疆维吾尔自治区地方金融管理局,第二十七条,2023-10-01,2023-10-01,第二十六条自治区小额贷款公司行业协会、兵团地方金融 组织协会应当发挥服务、协调、自律和配合监管作用，加强会员 自律管理，提高从业人员素质，加大行业宣传力度，维护行业合 法权益，配合自治区地方金融管理局、兵团地方金融管理局促进 行业规范健康发展。 第五章违法违规行为处理 第二十七条地方金融管理机构对小额贷款公司违法违规行 为，可视情节轻重依法依规采取风险提示、监管谈话、出具警示 函、责令限期整改、通报批评、撤销业务经营资质等监管措施； 涉嫌违法犯罪的，移交公安机关进行处理。,policy_地方金融组织_新疆维吾尔自治区地方金融管理局_51_2,policy,2025-12-31T15:23:12.188813,监管政策,地方金融组织_新疆维吾尔自治区地方金融管理局.md,全国,客户经理,生效
小贷公司违法涉嫌犯罪的会怎么处理？,地方金融组织_新疆维吾尔自治区地方金融管理局,第二十七条,2023-10-01,2023-10-01,第二十六条自治区小额贷款公司行业协会、兵团地方金融 组织协会应当发挥服务、协调、自律和配合监管作用，加强会员 自律管理，提高从业人员素质，加大行业宣传力度，维护行业合 法权益，配合自治区地方金融管理局、兵团地方金融管理局促进 行业规范健康发展。 第五章违法违规行为处理 第二十七条地方金融管理机构对小额贷款公司违法违规行 为，可视情节轻重依法依规采取风险提示、监管谈话、出具警示 函、责令限期整改、通报批评、撤销业务经营资质等监管措施； 涉嫌违法犯罪的，移交公安机关进行处理。,policy_地方金融组织_新疆维吾尔自治区地方金融管理局_51_3,policy,2025-12-31T15:23:12.188813,监管政策,地方金融组织_新疆维吾尔自治区地方金融管理局.md,全国,客户经理,生效
对小贷公司违规行为能出具警示函吗？,地方金融组织_新疆维吾尔自治区地方金融管理局,第二十七条,2023-10-01,2023-10-01,第二十六条自治区小额贷款公司行业协会、兵团地方金融 组织协会应当发挥服务、协调、自律和配合监管作用，加强会员 自律管理，提高从业人员素质，加大行业宣传力度，维护行业合 法权益，配合自治区地方金融管理局、兵团地方金融管理局促进 行业规范健康发展。 第五章违法违规行为处理 第二十七条地方金融管理机构对小额贷款公司违法违规行 为，可视情节轻重依法依规采取风险提示、监管谈话、出具警示 函、责令限期整改、通报批评、撤销业务经营资质等监管措施； 涉嫌违法犯罪的，移交公安机关进行处理。,policy_地方金融组织_新疆维吾尔自治区地方金融管理局_51_4,policy,2025-12-31T15:23:12.188813,监管政策,地方金融组织_新疆维吾尔自治区地方金融管理局.md,全国,客户经理,生效
新疆小贷公司未经批准设立会怎么处理？,地方金融组织_新疆维吾尔自治区地方金融管理局,第二十八条,,,第二十八条未经自治区地方金融管理局、兵团地方金融管 理局批准，擅自设立小额贷款公司的，依据国务院《无证无照经 营查处办法》（国务院令第684号）予以取缔或责令停止经营； 对未经审批擅自开展小额贷款公司业务并造成法律后果的，移交 公安机关处理。,policy_地方金融组织_新疆维吾尔自治区地方金融管理局_52_0,policy,2025-12-31T15:23:19.006149,监管政策,地方金融组织_新疆维吾尔自治区地方金融管理局.md,全国,客户经理,生效
擅自开展小贷业务被查到会移交公安吗？,地方金融组织_新疆维吾尔自治区地方金融管理局,第二十八条,,,第二十八条未经自治区地方金融管理局、兵团地方金融管 理局批准，擅自设立小额贷款公司的，依据国务院《无证无照经 营查处办法》（国务院令第684号）予以取缔或责令停止经营； 对未经审批擅自开展小额贷款公司业务并造成法律后果的，移交 公安机关处理。,policy_地方金融组织_新疆维吾尔自治区地方金融管理局_52_1,policy,2025-12-31T15:23:19.006185,监管政策,地方金融组织_新疆维吾尔自治区地方金融管理局.md,全国,客户经理,生效
新疆哪里管小贷公司的设立审批？,地方金融组织_新疆维吾尔自治区地方金融管理局,第二十八条,,,第二十八条未经自治区地方金融管理局、兵团地方金融管 理局批准，擅自设立小额贷款公司的，依据国务院《无证无照经 营查处办法》（国务院令第684号）予以取缔或责令停止经营； 对未经审批擅自开展小额贷款公司业务并造成法律后果的，移交 公安机关处理。,policy_地方金融组织_新疆维吾尔自治区地方金融管理局_52_2,policy,2025-12-31T15:23:19.006185,监管政策,地方金融组织_新疆维吾尔自治区地方金融管理局.md,全国,客户经理,生效
新疆和兵团小贷公司审批由谁负责？,地方金融组织_新疆维吾尔自治区地方金融管理局,第二十八条,,,第二十八条未经自治区地方金融管理局、兵团地方金融管 理局批准，擅自设立小额贷款公司的，依据国务院《无证无照经 营查处办法》（国务院令第684号）予以取缔或责令停止经营； 对未经审批擅自开展小额贷款公司业务并造成法律后果的，移交 公安机关处理。,policy_地方金融组织_新疆维吾尔自治区地方金融管理局_52_3,policy,2025-12-31T15:23:19.006185,监管政策,地方金融组织_新疆维吾尔自治区地方金融管理局.md,全国,客户经理,生效
无证经营小贷公司依据什么法规查处？,地方金融组织_新疆维吾尔自治区地方金融管理局,第二十八条,,,第二十八条未经自治区地方金融管理局、兵团地方金融管 理局批准，擅自设立小额贷款公司的，依据国务院《无证无照经 营查处办法》（国务院令第684号）予以取缔或责令停止经营； 对未经审批擅自开展小额贷款公司业务并造成法律后果的，移交 公安机关处理。,policy_地方金融组织_新疆维吾尔自治区地方金融管理局_52_4,policy,2025-12-31T15:23:19.006185,监管政策,地方金融组织_新疆维吾尔自治区地方金融管理局.md,全国,客户经理,生效
失联或空壳小贷公司认定标准依据哪个文件？,地方金融组织_新疆维吾尔自治区地方金融管理局,第二十九条,,,第二十九条对“失联”或“空壳”小额贷款公司，认定标 准与处置按照《小额贷款公司监督管理暂行办法》（金规[2024] 26 号)有关规定执行。 第六章附则 -14-,policy_地方金融组织_新疆维吾尔自治区地方金融管理局_53_0,policy,2025-12-31T15:23:23.061588,监管政策,地方金融组织_新疆维吾尔自治区地方金融管理局.md,全国,客户经理,生效
新疆这边的失联小贷公司怎么处理？看什么规定？,地方金融组织_新疆维吾尔自治区地方金融管理局,第二十九条,,,第二十九条对“失联”或“空壳”小额贷款公司，认定标 准与处置按照《小额贷款公司监督管理暂行办法》（金规[2024] 26 号)有关规定执行。 第六章附则 -14-,policy_地方金融组织_新疆维吾尔自治区地方金融管理局_53_1,policy,2025-12-31T15:23:23.061588,监管政策,地方金融组织_新疆维吾尔自治区地方金融管理局.md,全国,客户经理,生效
空壳小贷公司的处置依据是什么新规？,地方金融组织_新疆维吾尔自治区地方金融管理局,第二十九条,,,第二十九条对“失联”或“空壳”小额贷款公司，认定标 准与处置按照《小额贷款公司监督管理暂行办法》（金规[2024] 26 号)有关规定执行。 第六章附则 -14-,policy_地方金融组织_新疆维吾尔自治区地方金融管理局_53_2,policy,2025-12-31T15:23:23.061588,监管政策,地方金融组织_新疆维吾尔自治区地方金融管理局.md,全国,客户经理,生效
新疆担保评级实施细则由哪个部门解释？,地方金融组织_新疆维吾尔自治区地方金融管理局,第三十条,,,第三十条本实施细则由自治区地方金融管理局、兵团地方 金融管理局负责解释。,policy_地方金融组织_新疆维吾尔自治区地方金融管理局_54_0,policy,2025-12-31T15:23:24.567760,监管政策,地方金融组织_新疆维吾尔自治区地方金融管理局.md,全国,客户经理,生效
新疆小额贷款公司新业务什么时候开始按新规执行？,地方金融组织_新疆维吾尔自治区地方金融管理局,第三十一条,,2025-09-01,第三十一条本实施细则自2025年9月1日施行，自治区、 兵团的小额贷款公司新开展的业务应当依照本实施细则规定执 行。本实施细则下发之前的存量业务可按原贷款合同执行至期限 结束，到期后不可展期，续贷按本实施细则执行；其他不符合本 实施细则要求的，原则上给予2年过渡期整改达标；本实施细则 印发之前有关规定与本实施细则不一致的，以本实施细则为准； 国家金融监督管理总局对小额贷款公司监督管理另有规定的，从 其规定。,policy_地方金融组织_新疆维吾尔自治区地方金融管理局_55_0,policy,2025-12-31T15:23:32.000677,监管政策,地方金融组织_新疆维吾尔自治区地方金融管理局.md,全国,客户经理,生效
新疆小贷公司旧贷款到期后能不能展期？,地方金融组织_新疆维吾尔自治区地方金融管理局,第三十一条,,2025-09-01,第三十一条本实施细则自2025年9月1日施行，自治区、 兵团的小额贷款公司新开展的业务应当依照本实施细则规定执 行。本实施细则下发之前的存量业务可按原贷款合同执行至期限 结束，到期后不可展期，续贷按本实施细则执行；其他不符合本 实施细则要求的，原则上给予2年过渡期整改达标；本实施细则 印发之前有关规定与本实施细则不一致的，以本实施细则为准； 国家金融监督管理总局对小额贷款公司监督管理另有规定的，从 其规定。,policy_地方金融组织_新疆维吾尔自治区地方金融管理局_55_1,policy,2025-12-31T15:23:32.000677,监管政策,地方金融组织_新疆维吾尔自治区地方金融管理局.md,全国,客户经理,生效
新疆小贷公司存量业务怎么处理？到期续贷按什么执行？,地方金融组织_新疆维吾尔自治区地方金融管理局,第三十一条,,2025-09-01,第三十一条本实施细则自2025年9月1日施行，自治区、 兵团的小额贷款公司新开展的业务应当依照本实施细则规定执 行。本实施细则下发之前的存量业务可按原贷款合同执行至期限 结束，到期后不可展期，续贷按本实施细则执行；其他不符合本 实施细则要求的，原则上给予2年过渡期整改达标；本实施细则 印发之前有关规定与本实施细则不一致的，以本实施细则为准； 国家金融监督管理总局对小额贷款公司监督管理另有规定的，从 其规定。,policy_地方金融组织_新疆维吾尔自治区地方金融管理局_55_2,policy,2025-12-31T15:23:32.000677,监管政策,地方金融组织_新疆维吾尔自治区地方金融管理局.md,全国,客户经理,生效
不符合新规的小贷公司有几年整改过渡期？,地方金融组织_新疆维吾尔自治区地方金融管理局,第三十一条,,2025-09-01,第三十一条本实施细则自2025年9月1日施行，自治区、 兵团的小额贷款公司新开展的业务应当依照本实施细则规定执 行。本实施细则下发之前的存量业务可按原贷款合同执行至期限 结束，到期后不可展期，续贷按本实施细则执行；其他不符合本 实施细则要求的，原则上给予2年过渡期整改达标；本实施细则 印发之前有关规定与本实施细则不一致的，以本实施细则为准； 国家金融监督管理总局对小额贷款公司监督管理另有规定的，从 其规定。,policy_地方金融组织_新疆维吾尔自治区地方金融管理局_55_3,policy,2025-12-31T15:23:32.000677,监管政策,地方金融组织_新疆维吾尔自治区地方金融管理局.md,全国,客户经理,生效
新疆小贷公司监管规定和国家局不一致时以哪个为准？,地方金融组织_新疆维吾尔自治区地方金融管理局,第三十一条,,2025-09-01,第三十一条本实施细则自2025年9月1日施行，自治区、 兵团的小额贷款公司新开展的业务应当依照本实施细则规定执 行。本实施细则下发之前的存量业务可按原贷款合同执行至期限 结束，到期后不可展期，续贷按本实施细则执行；其他不符合本 实施细则要求的，原则上给予2年过渡期整改达标；本实施细则 印发之前有关规定与本实施细则不一致的，以本实施细则为准； 国家金融监督管理总局对小额贷款公司监督管理另有规定的，从 其规定。,policy_地方金融组织_新疆维吾尔自治区地方金融管理局_55_4,policy,2025-12-31T15:23:32.000677,监管政策,地方金融组织_新疆维吾尔自治区地方金融管理局.md,全国,客户经理,生效
新疆小额贷款公司监管新规何时生效？,地方金融组织_新疆维吾尔自治区地方金融管理局,第三十二条,,,第三十二条本实施细则发布之日起，原《关于规范自治区 小额贷款公司监督管理的实施意见》（新金规〔2021]1号）同 时废止。 -15-,policy_地方金融组织_新疆维吾尔自治区地方金融管理局_56_0,policy,2025-12-31T15:23:37.130952,监管政策,地方金融组织_新疆维吾尔自治区地方金融管理局.md,全国,客户经理,生效
自治区小额贷款公司旧规还有效吗？,地方金融组织_新疆维吾尔自治区地方金融管理局,第三十二条,,,第三十二条本实施细则发布之日起，原《关于规范自治区 小额贷款公司监督管理的实施意见》（新金规〔2021]1号）同 时废止。 -15-,policy_地方金融组织_新疆维吾尔自治区地方金融管理局_56_1,policy,2025-12-31T15:23:37.130952,监管政策,地方金融组织_新疆维吾尔自治区地方金融管理局.md,全国,客户经理,生效
新疆小贷公司监管依据现在是哪个文件？,地方金融组织_新疆维吾尔自治区地方金融管理局,第三十二条,,,第三十二条本实施细则发布之日起，原《关于规范自治区 小额贷款公司监督管理的实施意见》（新金规〔2021]1号）同 时废止。 -15-,policy_地方金融组织_新疆维吾尔自治区地方金融管理局_56_2,policy,2025-12-31T15:23:37.130952,监管政策,地方金融组织_新疆维吾尔自治区地方金融管理局.md,全国,客户经理,生效
新疆小贷公司原实施意见废止了吗？,地方金融组织_新疆维吾尔自治区地方金融管理局,第三十二条,,,第三十二条本实施细则发布之日起，原《关于规范自治区 小额贷款公司监督管理的实施意见》（新金规〔2021]1号）同 时废止。 -15-,policy_地方金融组织_新疆维吾尔自治区地方金融管理局_56_3,policy,2025-12-31T15:23:37.130952,监管政策,地方金融组织_新疆维吾尔自治区地方金融管理局.md,全国,客户经理,生效
